199.0182375907898,110992.0,69387451.6,76,14546.3,114,1,602,128,41
129.69149208068848,151267.40000000002,87576236.0,76,13736.2,114,2,602,128,41
75.35857677459717,186697.10000000003,90444355.4,76,14123.4,114,4,602,128,41
52.103232860565186,213474.7,77518791.6,76,13698.5,114,8,602,128,41
201.91693806648254,110948.6,69448785.0,76,14059.9,114,1,602,128,41
115.19808840751648,151234.8,87789949.2,76,13691.6,114,2,602,128,41
77.79075527191162,186824.1,90554549.6,76,13733.1,114,4,602,128,41
50.42608451843262,213425.89999999997,77762301.39999999,76,14491.9,114,8,602,128,41
203.95180201530457,110856.0,69340399.6,76,14042.4,114,1,602,128,41
124.58208966255188,151210.2,87487571.2,76,13756.7,114,2,602,128,41
73.42723631858826,186963.7,90610801.19999999,76,14094.6,114,4,602,128,41
55.64977693557739,213471.8,77815140.8,76,14444.6,114,8,602,128,41
195.88577270507812,111024.8,69381927.6,76,13708.0,114,1,602,128,41
137.92195892333984,151098.1,87115384.6,76,13734.7,114,2,602,256,41
111.90211319923401,186808.60000000003,90739883.2,76,14114.3,114,4,602,256,41
75.14025473594666,213293.19999999998,77500482.6,76,13695.5,114,8,602,256,41
209.45470237731934,111064.8,69462011.8,76,14475.4,114,1,602,256,41
143.01586246490479,151196.7,87493568.0,76,14096.1,114,2,602,256,41
99.19298648834229,186830.09999999998,90519004.8,76,14077.8,114,4,602,256,41
67.78308439254761,213785.3,77366840.2,76,14215.4,114,8,602,256,41
217.92196464538574,111014.9,69245438.4,76,13729.1,114,1,602,256,41
140.24046087265015,150914.09999999998,87697403.4,76,13771.0,114,2,602,256,41
100.65102100372314,186832.1,90665335.6,76,13719.0,114,4,602,256,41
76.01211714744568,213510.69999999998,77750568.80000001,76,14072.1,114,8,602,256,41
281.83892464637756,111015.3,69498773.6,76,13698.7,114,1,602,512,41
184.80392837524414,151350.3,87730070.8,76,14445.7,114,2,602,512,41
151.56846165657043,187112.5,90727366.99999999,76,14350.7,114,4,602,512,41
122.0180413722992,213725.49999999997,77558010.39999999,76,14438.6,114,8,602,512,41
291.9903333187103,110961.5,69258571.6,76,13653.3,114,1,602,512,41
187.07525086402893,151209.4,87569533.0,76,14072.9,114,2,602,512,41
149.63615775108337,186725.6,90641942.6,76,13773.3,114,4,602,512,41
108.89741134643555,213688.6,77710702.6,76,14026.0,114,8,602,512,41
286.1909625530243,110815.4,69168743.4,76,14012.9,114,1,602,512,41
190.83524656295776,151375.9,87593279.6,76,13727.6,114,2,602,512,41
150.0058867931366,186773.8,90654271.8,76,13740.4,114,4,602,512,41
109.40916180610657,213506.7,77584581.4,76,13780.4,114,8,602,512,41
12.268852233886719,232510.8,576753.7,76,13725.4,114,1,602,128,41
9.686286449432373,328439.5,623989.0,76,14375.5,114,2,602,128,41
8.755540132522583,436238.60000000003,655699.5,76,14229.8,114,4,602,128,41
8.993772745132446,267473.5,504433.8,76,13702.6,114,8,602,128,41
11.399685144424438,214684.2,398423.3,76,13772.5,114,1,602,128,41
8.51174020767212,289547.0,430326.7,76,14276.5,114,2,602,128,41
7.3047099113464355,364980.39999999997,451084.5,76,13772.5,114,4,602,128,41
6.70124626159668,375171.60000000003,404449.8999999999,76,13707.2,114,8,602,128,41
12.785122394561768,202188.3,554237.0,76,13786.8,114,1,602,128,41
11.107313394546509,288846.4,582264.8,76,13755.2,114,2,602,128,41
8.064405918121338,382751.69999999995,598321.5999999999,76,13737.9,114,4,602,128,41
7.363790273666382,409396.5,531163.0,76,14123.6,114,8,602,128,41
9.591821908950806,232597.9,576870.7999999999,76,13762.9,114,1,602,128,41
12.757317304611206,328948.7,624427.5,76,13749.6,114,2,602,256,41
10.477654457092285,435862.5,655648.6,76,13744.9,114,4,602,256,41
9.107378721237183,534723.1,672198.8,76,13722.9,114,8,602,256,41
11.318591594696045,214575.5,398145.69999999995,76,13798.0,114,1,602,256,41
8.558201313018799,290040.9,430919.9,76,13768.6,114,2,602,256,41
7.861058473587036,365344.89999999997,451309.4,76,14105.2,114,4,602,256,41
8.312428951263428,428852.6,462474.4,76,13699.4,114,8,602,256,41
11.00133728981018,202132.6,554699.4,76,14379.0,114,1,602,256,41
11.819140911102295,289203.69999999995,582893.2,76,13746.4,114,2,602,256,41
8.614623546600342,382352.60000000003,597350.8,76,13736.2,114,4,602,256,41
8.639952421188354,467160.2,606686.9,76,14135.1,114,8,602,256,41
18.518438816070557,232412.40000000002,576111.8,76,13726.9,114,1,602,512,41
12.952633380889893,329221.80000000005,625094.0,76,13802.7,114,2,602,512,41
14.286048412322998,436100.1,656156.6,76,13766.3,114,4,602,512,41
12.43909740447998,534555.7999999999,588099.6,76,13738.5,114,8,602,512,41
20.64761471748352,214655.7,398313.2,76,13736.2,114,1,602,512,41
15.459325313568115,289991.3,430889.7,76,14128.6,114,2,602,512,41
11.137639284133911,364781.8,450628.6,76,13730.1,114,4,602,512,41
10.640925168991089,428925.80000000005,462323.7,76,14472.7,114,8,602,512,41
19.64562439918518,202191.90000000002,554517.4,76,14095.1,114,1,602,512,41
14.209255456924438,289110.4,581787.5,76,14175.9,114,2,602,512,41
13.599735498428345,383147.60000000003,598957.6000000001,76,13740.2,114,4,602,512,41
11.742921113967896,408527.69999999995,530407.2,76,13686.9,114,8,602,512,41
84.22299313545227,97393.8,3939657.6,76,13761.6,114,1,300,128,100
44.79465198516846,111373.6,4432833.199999999,76,13763.9,114,2,300,128,100
31.641432762145996,121739.5,4442056.1,76,13683.0,114,4,300,128,100
24.12899684906006,128558.6,3856128.0,76,13690.8,114,8,300,128,100
83.1820969581604,97563.0,3942787.6,76,13973.1,114,1,300,128,100
45.94517683982849,111206.9,4445843.300000001,76,13729.9,114,2,300,128,100
30.305885791778564,91212.70000000001,4423322.6,76,13778.7,114,4,300,128,100
24.212008953094482,80608.5,2383700.3,76,13716.8,114,8,300,128,100
80.05565524101257,97558.8,3942143.4,76,13784.4,114,1,300,128,100
45.669189453125,111244.4,4418760.6,76,13763.9,114,2,300,128,100
32.588162899017334,121568.1,4454169.1,76,13758.2,114,4,300,128,100
25.235719203948975,113139.8,2961107.6999999997,76,13701.8,114,8,300,128,100
77.76656556129456,97130.6,3926064.2,76,13752.0,114,1,300,128,100
56.110652685165405,111374.4,4443149.199999999,76,13713.6,114,2,300,256,100
41.584047079086304,121373.6,4446943.4,76,13756.7,114,4,300,256,100
37.805084228515625,128435.4,3389777.0999999996,76,14134.3,114,8,300,256,100
121.54926061630249,97382.4,3937986.0,76,13708.9,114,1,300,256,100
68.57583808898926,111384.0,4443799.6,76,13737.2,114,2,300,256,100
40.370134353637695,120988.20000000001,4414554.8,76,13749.8,114,4,300,256,100
32.28303146362305,128165.20000000001,3852319.0,76,14322.4,114,8,300,256,100
120.35627818107605,97316.4,3945779.6,76,14058.1,114,1,300,256,100
60.45917558670044,111687.4,4436949.6,76,13708.0,114,2,300,256,100
44.03950524330139,121560.9,4434595.699999999,76,14140.9,114,4,300,256,100
30.560508728027344,96864.7,3435188.7,76,14135.9,114,8,300,256,100
139.1965172290802,97523.2,3953075.8,76,13701.7,114,1,300,512,100
82.75925827026367,111729.6,4487220.800000001,76,13721.3,114,2,300,512,100
61.14820456504822,90685.1,3337959.7,76,13699.4,114,4,300,512,100
49.09799671173096,80338.9,3331036.9,76,13694.8,114,8,300,512,100
138.97310590744019,97403.9,3955299.5,76,13736.2,114,1,300,512,100
90.11331486701965,110921.1,4427690.300000001,76,14125.0,114,2,300,512,100
53.095932960510254,121151.1,4491903.9,76,13722.2,114,4,300,512,100
48.58508849143982,128550.50000000001,3834100.7,76,13711.2,114,8,300,512,100
134.0780074596405,97100.2,3942133.4,76,14144.3,114,1,300,512,100
82.01809096336365,111472.1,4452258.9,76,13740.9,114,2,300,512,100
61.9999783039093,121353.5,4398891.1,76,13710.2,114,4,300,512,100
37.79434108734131,128966.29999999999,3858452.9,76,14140.1,114,8,300,512,100
32.53917074203491,212454.8,318872.4,76,13748.8,114,1,300,128,100
17.031872510910034,249933.7,328095.3,76,14141.1,114,2,300,128,100
15.006407499313354,212811.1,254418.9,76,14030.1,114,4,300,128,100
15.281126260757446,306301.39999999997,298317.4,76,14141.1,114,8,300,128,100
29.76665472984314,183179.19999999998,238153.4,76,13742.6,114,1,300,128,100
16.27720308303833,209377.0,245553.0,76,14114.3,114,2,300,128,100
13.712712526321411,229968.09999999998,249902.0,76,13699.4,114,4,300,128,100
12.955974578857422,183194.4,189597.6,76,14115.3,114,8,300,128,100
29.073803186416626,191178.8,296560.6,76,14129.2,114,1,300,128,100
16.798989057540894,226483.39999999997,305893.0,76,13762.3,114,2,300,128,100
14.208366394042969,253893.0,308868.2,76,13708.0,114,4,300,128,100
14.223104000091553,172346.90000000002,273158.8,76,13733.1,114,8,300,128,100
29.486732244491577,212369.6,319292.3,76,14118.5,114,1,300,128,100
26.92947554588318,250999.8,330159.2,76,13702.6,114,2,300,256,100
22.752102851867676,211598.8,252792.7,76,13672.8,114,4,300,256,100
18.122504711151123,228755.4,254592.90000000002,76,13694.8,114,8,300,256,100
42.94641900062561,182694.69999999998,237541.5,76,13722.2,114,1,300,256,100
22.925254344940186,209575.7,245566.9,76,14070.3,114,2,300,256,100
20.578943252563477,172990.8,188076.6,76,13705.6,114,4,300,256,100
17.174607276916504,213816.4,220779.8,76,13720.0,114,8,300,256,100
39.73400568962097,190770.5,295282.60000000003,76,14123.4,114,1,300,256,100
26.425836086273193,225316.0,303857.0,76,13709.7,114,2,300,256,100
18.273580074310303,254286.1,309327.10000000003,76,14148.4,114,4,300,256,100
17.317601680755615,206486.6,233568.3,76,14034.4,114,8,300,256,100
46.151196241378784,212843.4,319457.0,76,14121.0,114,1,300,512,100
24.148486852645874,251112.7,330553.1,76,13679.1,114,2,300,512,100
19.188495874404907,282053.5,336416.70000000007,76,13702.6,114,4,300,512,100
17.422218084335327,266826.50000000006,297394.10000000003,76,13686.2,114,8,300,512,100
49.465735912323,182535.2,237049.1,76,13721.3,114,1,300,512,100
21.598618984222412,209035.0,244743.5,76,13702.4,114,2,300,512,100
14.491508960723877,230023.6,250322.2,76,14131.0,114,4,300,512,100
13.79219126701355,214088.00000000003,221033.4,76,14051.5,114,8,300,512,100
43.396748304367065,191185.0,296007.1,76,13710.2,114,1,300,512,100
21.426311492919922,113073.40000000001,152740.2,76,13713.4,114,2,300,512,100
14.269198179244995,190127.9,230946.60000000003,76,14137.5,114,4,300,512,100
15.929832220077515,206396.8,194371.4,76,13638.7,114,8,300,512,100
36.50653314590454,199589.3,8308737.0,76,14140.1,114,1,100,128,47
14.33426809310913,219498.40000000002,6791366.800000001,76,13747.3,114,2,100,128,47
10.112277269363403,232306.80000000002,5261331.2,76,13744.1,114,4,100,128,47
7.670461654663086,209903.49999999997,3069098.1999999997,76,14160.0,114,8,100,128,47
34.22924280166626,199618.5,8298226.6,76,13772.5,114,1,100,128,47
15.273133516311646,219500.09999999998,6807250.4,76,14596.7,114,2,100,128,47
10.642856121063232,174002.5,3938898.6,76,13902.6,114,4,100,128,47
7.2786688804626465,239915.19999999998,4087662.1999999997,76,13704.3,114,8,100,128,47
32.02659034729004,199561.7,8292528.0,76,14248.4,114,1,100,128,47
16.072850227355957,219496.90000000002,6810989.2,76,13759.1,114,2,100,128,47
10.083201169967651,232383.90000000002,5260906.0,76,14007.3,114,4,100,128,47
7.255955696105957,239644.39999999997,3576092.2,76,13823.4,114,8,100,128,47
31.88217067718506,199734.7,8294970.2,76,13752.0,114,1,100,128,47
22.261303186416626,219377.3,6770698.2,76,13761.6,114,2,100,256,47
13.853655099868774,232255.4,5290821.0,76,14159.2,114,4,100,256,47
10.132187366485596,239656.0,4092563.2,76,14403.1,114,8,100,256,47
44.5207142829895,199398.1,8239856.8,76,13756.0,114,1,100,256,47
16.71254801750183,219708.3,6751738.800000001,76,14019.6,114,2,100,256,47
14.767222166061401,232351.3,5281572.6,76,14134.3,114,4,100,256,47
10.800324440002441,179942.2,3074391.8,76,14969.2,114,8,100,256,47
43.922390937805176,199670.1,8293551.4,76,13769.5,114,1,100,256,47
17.47830557823181,219468.8,6823619.0,76,14470.0,114,2,100,256,47
15.357086181640625,232258.3,5276864.2,76,13686.2,114,4,100,256,47
9.465417385101318,239917.40000000002,4094748.6000000006,76,14811.0,114,8,100,256,47
53.87409687042236,199575.5,8286390.8,76,13778.9,114,1,100,512,47
25.39608883857727,219509.0,6786612.2,76,13944.6,114,2,100,512,47
19.84540319442749,232416.0,5267952.800000001,76,13855.9,114,4,100,512,47
16.29769253730774,209717.30000000002,3585628.9999999995,76,13640.2,114,8,100,512,47
61.67768430709839,199706.7,8264280.0,76,14294.3,114,1,100,512,47
40.91199040412903,219511.8,6802136.2,76,13846.4,114,2,100,512,47
19.77056646347046,174202.7,3924514.2,76,13616.2,114,4,100,512,47
17.42149329185486,240047.40000000002,4083047.6,76,14966.3,114,8,100,512,47
73.72466778755188,199446.0,8284923.0,76,14512.1,114,1,100,512,47
29.514584064483643,219622.40000000002,6791074.4,76,14223.8,114,2,100,512,47
19.681514263153076,232056.2,5264468.6,76,14281.5,114,4,100,512,47
17.313822507858276,179855.5,3071117.1999999997,76,14101.9,114,8,100,512,47
7.524353742599487,492113.39999999997,662776.5,76,14166.8,114,1,100,128,47
4.5034730434417725,568511.5,679779.8,76,14169.3,114,2,100,128,47
4.269820690155029,623505.2000000001,688852.7,76,14106.8,114,4,100,128,47
4.808545827865601,493998.3,520572.1,76,14127.8,114,8,100,128,47
5.025088548660278,400587.80000000005,459590.3,76,13820.9,114,1,100,128,47
6.023979663848877,448643.80000000005,470403.2,76,14231.4,114,2,100,128,47
4.025429964065552,482425.9,476734.5,76,13689.9,114,4,100,128,47
4.273416519165039,503709.7,479989.2,76,14125.0,114,8,100,128,47
4.450084447860718,427866.3,592057.4,76,13740.2,114,1,100,128,47
4.180211067199707,489874.1,600310.6,76,13763.9,114,2,100,128,47
4.069124937057495,534406.6,605783.8999999999,76,14167.8,114,4,100,128,47
4.524177074432373,491945.4,303994.20000000007,76,13759.0,114,8,100,128,47
5.222870588302612,492543.5,663170.5,76,14651.1,114,1,100,128,47
5.983128309249878,568211.2,679482.0,76,13958.3,114,2,100,256,47
4.647545576095581,623704.2000000001,689116.2,76,13660.4,114,4,100,256,47
5.111676931381226,493760.0,433856.5,76,14124.2,114,8,100,256,47
6.458113193511963,400421.2,459736.5,76,14454.4,114,1,100,256,47
4.9483256340026855,449012.9,470461.9,76,13783.6,114,2,100,256,47
3.8472752571105957,241469.09999999998,357760.3,76,13881.0,114,4,100,256,47
4.883108615875244,377662.1,300364.2,76,13587.0,114,8,100,256,47
7.850140571594238,427078.3,591734.2999999999,76,14149.2,114,1,100,256,47
5.776043653488159,490794.6,601697.1,76,14294.3,114,2,100,256,47
3.6853597164154053,533951.1,605458.3,76,13687.7,114,4,100,256,47
4.9666056632995605,211002.7,304298.60000000003,76,13654.1,114,8,100,256,47
10.710970640182495,492669.5,663422.7999999999,76,14550.7,114,1,100,512,47
8.077097415924072,568447.7,679102.3,76,13759.9,114,2,100,512,47
5.001716613769531,623451.0,689216.3,76,13755.2,114,4,100,512,47
5.305195093154907,658853.6000000001,520857.30000000005,76,13679.9,114,8,100,512,47
10.092960596084595,399792.4,459335.9,76,14644.1,114,1,100,512,47
8.540621995925903,448906.39999999997,470413.5,76,13678.4,114,2,100,512,47
5.385528564453125,483123.7,476844.8,76,13686.9,114,4,100,512,47
5.07241415977478,503136.80000000005,360168.7,76,13658.9,114,8,100,512,47
8.058656930923462,427746.7,592305.7999999999,76,13916.3,114,1,100,512,47
5.112495422363281,490520.6,601029.3,76,14087.8,114,2,100,512,47
4.541253328323364,400512.80000000005,454265.2,76,14185.1,114,4,100,512,47
4.776139736175537,351202.8,532039.7000000001,76,13658.9,114,8,100,512,47
2.839693546295166,59089.5,557592.2,76,13870.4,114,1,500,128,7
2.154390573501587,86609.5,756928.8,76,13842.4,114,2,500,128,7
1.9796092510223389,114025.9,892807.2,76,14151.8,114,4,500,128,7
1.3633973598480225,138506.30000000002,947044.0000000001,76,14106.8,114,8,500,128,7
2.056067705154419,59149.3,558064.6,76,13854.4,114,1,500,128,7
1.9214348793029785,86576.8,757405.0,76,14190.3,114,2,500,128,7
1.5775635242462158,114216.79999999999,894212.2,76,13803.3,114,4,500,128,7
1.4292328357696533,138643.4,947219.2,76,14329.3,114,8,500,128,7
2.1392993927001953,59186.8,558441.0,76,13852.1,114,1,500,128,7
2.3371667861938477,86625.8,757310.6,76,13857.6,114,2,500,128,7
1.7457313537597656,85701.1,671237.8,76,13817.7,114,4,500,128,7
1.3256292343139648,138499.0,946840.4,76,14219.0,114,8,500,128,7
3.061941385269165,59194.1,558837.2,76,14289.2,114,1,500,128,7
2.894054412841797,86593.9,756902.4,76,13855.2,114,2,500,256,7
1.8454029560089111,85533.5,893148.3999999999,76,13832.1,114,4,500,256,7
2.009289503097534,138515.5,947615.2,76,13937.3,114,8,500,256,7
3.9709908962249756,59216.3,559199.8,76,13906.7,114,1,500,256,7
2.765631675720215,86599.20000000001,757306.6,76,13872.0,114,2,500,256,7
1.783858060836792,114172.4,894088.8,76,13847.3,114,4,500,256,7
2.0156993865966797,121254.5,946377.5999999999,76,14190.1,114,8,500,256,7
4.069640159606934,59220.4,559072.6,76,13836.7,114,1,500,256,7
2.865525484085083,86622.5,757739.6,76,13837.6,114,2,500,256,7
1.9106342792510986,114067.70000000001,892363.8,76,13851.3,114,4,500,256,7
2.0111987590789795,138552.39999999997,946974.3999999999,76,13827.2,114,8,500,256,7
4.9670729637146,59211.1,558972.2,76,13832.9,114,1,500,512,7
4.784170150756836,86692.4,758179.2,76,13825.7,114,2,500,512,7
3.3543102741241455,114303.5,895774.2,76,13817.7,114,4,500,512,7
3.1782288551330566,138551.3,947665.7999999999,76,13783.6,114,8,500,512,7
5.141183137893677,59196.9,559003.2,76,14136.7,114,1,500,512,7
2.954110622406006,86557.5,756556.0,76,13856.9,114,2,500,512,7
2.738105297088623,85543.8,669885.2,76,13833.6,114,4,500,512,7
2.809361219406128,121155.4,827814.2000000001,76,13813.0,114,8,500,512,7
5.309957265853882,59167.7,558658.8,76,13957.6,114,1,500,512,7
3.538527250289917,86737.29999999999,758538.0,76,13938.8,114,2,500,512,7
3.484189748764038,114193.3,894354.6000000001,76,14175.9,114,4,500,512,7
3.114511489868164,138636.5,947519.8,76,13776.5,114,8,500,512,7
2.425163507461548,116991.4,228000.4,76,13836.9,114,1,500,128,7
1.7196969985961914,164773.0,264704.9,76,13832.1,114,2,500,128,7
1.4296016693115234,216350.80000000002,295196.7,76,13796.1,114,4,500,128,7
1.3507699966430664,265125.8,320179.69999999995,76,13801.0,114,8,500,128,7
1.4854719638824463,110850.0,193790.8,76,13865.5,114,1,500,128,7
1.3980484008789062,150322.7,220300.0,76,13872.2,114,2,500,128,7
1.1968984603881836,190554.1,241610.8,76,13821.7,114,4,500,128,7
1.2245466709136963,198333.8,225869.2,76,13736.2,114,8,500,128,7
1.7789430618286133,111218.7,223819.40000000002,76,13885.7,114,1,500,128,7
1.568650245666504,160542.3,263986.7,76,13894.4,114,2,500,128,7
1.3111793994903564,215339.9,298337.8,76,13848.9,114,4,500,128,7
1.3299968242645264,267412.6,326741.6,76,13931.5,114,8,500,128,7
2.4735701084136963,117034.29999999999,228210.3,76,13895.3,114,1,500,128,7
1.9277725219726562,164840.59999999998,264874.1,76,13826.4,114,2,500,256,7
1.6607670783996582,216531.89999999997,295465.4,76,13849.6,114,4,500,256,7
1.56911301612854,265185.3,320030.89999999997,76,13794.6,114,8,500,256,7
2.6358370780944824,110847.0,193813.5,76,13886.5,114,1,500,256,7
1.7461514472961426,150353.8,220218.1,76,13952.7,114,2,500,256,7
1.501194715499878,190500.1,241490.6,76,13955.2,114,4,500,256,7
1.4635930061340332,226654.5,226121.30000000002,76,13813.0,114,8,500,256,7
2.6742305755615234,111045.2,222920.0,76,13849.6,114,1,500,256,7
1.9656877517700195,160622.59999999998,263959.1,76,14193.5,114,2,500,256,7
1.6206285953521729,215267.2,298185.2,76,13831.4,114,4,500,256,7
1.6376862525939941,267293.0,326342.69999999995,76,13816.0,114,8,500,256,7
2.9675567150115967,117095.7,228344.30000000002,76,13946.1,114,1,500,512,7
1.6970787048339844,164834.4,264741.2,76,13852.7,114,2,500,512,7
1.610480546951294,216373.4,295228.2,76,13827.4,114,4,500,512,7
1.393117904663086,265247.60000000003,320183.39999999997,76,13787.4,114,8,500,512,7
2.9403436183929443,110785.0,193645.5,76,14248.6,114,1,500,512,7
1.5622780323028564,150244.2,220020.8,76,13828.1,114,2,500,512,7
1.5134060382843018,190604.3,241593.59999999998,76,13806.7,114,4,500,512,7
1.34322190284729,227033.0,226077.3,76,14251.0,114,8,500,512,7
2.8153414726257324,111142.4,223396.5,76,13903.4,114,1,500,512,7
1.7105023860931396,160549.1,263762.30000000005,76,13846.4,114,2,500,512,7
1.3801772594451904,215293.0,298026.5,76,13818.6,114,4,500,512,7
1.326172113418579,234366.1,326986.9,76,13806.7,114,8,500,512,7
178.26068711280823,110935.8,69372000.8,76,13715.8,114,1,602,128,41
115.97300386428833,151143.1,87535401.6,76,13830.4,114,2,602,128,41
77.73699188232422,186720.8,90475079.0,76,13730.8,114,4,602,128,41
50.13026475906372,213494.9,77635201.4,76,14146.8,114,8,602,128,41
193.65539169311523,110920.1,69377383.2,76,13665.2,114,1,602,128,41
116.99635124206543,151270.59999999998,87467656.4,76,13683.8,114,2,602,128,41
86.22011208534241,186698.5,90880543.2,76,13774.2,114,4,602,128,41
53.79105520248413,186967.69999999998,67897479.60000001,76,13676.9,114,8,602,128,41
184.27004742622375,110789.8,69284400.0,76,13716.6,114,1,602,128,41
116.24265956878662,151331.8,87653109.0,76,13714.9,114,2,602,128,41
77.68627977371216,186972.9,90858748.8,76,14501.5,114,4,602,128,41
61.88607835769653,213342.5,77247048.0,76,13683.0,114,8,602,128,41
181.65930342674255,110878.6,69297795.0,76,13711.9,114,1,602,128,41
150.04854249954224,151186.90000000002,87856715.4,76,13744.1,114,2,602,256,41
102.85580444335938,186788.40000000002,90460308.8,76,13780.4,114,4,602,256,41
74.01739954948425,213637.9,77852736.8,76,13689.9,114,8,602,256,41
218.12093877792358,111049.0,69430035.0,76,13665.9,114,1,602,256,41
147.12084913253784,151277.8,87256593.4,76,13702.6,114,2,602,256,41
122.15379881858826,186710.0,90810234.0,76,13731.6,114,4,602,256,41
75.21538066864014,213581.2,77882246.2,76,13701.7,114,8,602,256,41
223.5482611656189,110927.9,69476496.2,76,13718.1,114,1,602,256,41
143.69536685943604,151212.59999999998,87636889.8,76,13739.4,114,2,602,256,41
106.89806938171387,186649.8,90740869.4,76,14151.0,114,4,602,256,41
74.47478723526001,213390.7,77704502.2,76,13637.8,114,8,602,256,41
300.758442401886,110957.1,69444010.6,76,14487.5,114,1,602,512,41
206.87385845184326,151460.2,87902988.0,76,13704.8,114,2,602,512,41
189.88745069503784,186767.5,90390226.39999999,76,14476.0,114,4,602,512,41
110.95912742614746,213430.30000000002,77519774.20000002,76,14158.4,114,8,602,512,41
295.2344961166382,111037.6,69276414.8,76,13713.4,114,1,602,512,41
197.27087140083313,151136.1,87784371.80000001,76,13724.6,114,2,602,512,41
187.13698148727417,186869.7,90521793.60000001,76,13687.7,114,4,602,512,41
111.66484069824219,213839.4,77768312.8,76,13680.6,114,8,602,512,41
299.31623220443726,110933.2,69098624.6,76,13712.9,114,1,602,512,41
205.08611345291138,151195.7,87644239.4,76,14551.6,114,2,602,512,41
190.91669535636902,186852.2,90475373.0,76,14288.2,114,4,602,512,41
112.5498399734497,213711.1,77584159.0,76,13844.1,114,8,602,512,41
12.559281349182129,232218.59999999998,575562.8,76,13748.8,114,1,602,128,41
9.768115520477295,329008.0,625062.1000000001,76,13728.4,114,2,602,128,41
7.730016708374023,435737.0,654608.6,76,13731.6,114,4,602,128,41
9.429854154586792,467958.0,672041.3,76,14083.7,114,8,602,128,41
11.028800964355469,214847.69999999998,398882.0,76,13709.5,114,1,602,128,41
8.28790283203125,289692.5,430266.8,76,13738.5,114,2,602,128,41
7.222905397415161,365276.7,451166.60000000003,76,13722.9,114,4,602,128,41
7.14170503616333,429298.49999999994,463115.0,76,13562.5,114,8,602,128,41
12.264017105102539,202178.1,554441.8,76,13766.1,114,1,602,128,41
8.787755012512207,288928.9,581972.2,76,13721.3,114,2,602,128,41
7.265985488891602,287115.10000000003,448694.69999999995,76,14090.4,114,4,602,128,41
8.897680282592773,466941.69999999995,606738.3999999999,76,14050.7,114,8,602,128,41
11.86629581451416,232322.9,576646.8999999999,76,13769.3,114,1,602,128,41
11.82086730003357,328742.5,624569.5,76,13797.1,114,2,602,256,41
10.508383750915527,326634.6,490916.7,76,13749.6,114,4,602,256,41
9.325168371200562,535125.1,588627.7999999999,76,13694.8,114,8,602,256,41
16.3960120677948,214636.4,398104.7,76,13727.6,114,1,602,256,41
9.684730291366577,289668.7,430365.39999999997,76,13740.9,114,2,602,256,41
8.714894533157349,364851.30000000005,450619.4,76,13719.8,114,4,602,256,41
8.42657732963562,428193.8,461814.3,76,13701.8,114,8,602,256,41
16.950077533721924,202018.0,553933.7,76,13740.2,114,1,602,256,41
11.270886182785034,288813.0,582226.1,76,13763.9,114,2,602,256,41
8.153658628463745,286962.89999999997,597763.7000000001,76,13736.2,114,4,602,256,41
8.640941619873047,467509.1,607195.8,76,13685.3,114,8,602,256,41
25.59011197090149,232401.8,576456.4,76,14124.2,114,1,602,512,41
17.985717058181763,329103.0,625048.0,76,13776.5,114,2,602,512,41
14.160727977752686,435880.6,654589.1000000001,76,13719.8,114,4,602,512,41
14.28698182106018,535104.9,672561.7000000001,76,13713.4,114,8,602,512,41
20.337778091430664,214785.1,398875.0,76,14065.4,114,1,602,512,41
15.206499099731445,289558.5,430368.2,76,13742.4,114,2,602,512,41
11.75881052017212,365401.4,451481.7,76,13732.5,114,4,602,512,41
11.036311388015747,375577.5,404849.79999999993,76,14156.8,114,8,602,512,41
22.154796838760376,202244.1,554743.4,76,13718.8,114,1,602,512,41
13.57232403755188,288993.4,581824.5,76,13750.5,114,2,602,512,41
13.20909857749939,382995.2,598456.7,76,13735.5,114,4,602,512,41
11.767849922180176,467445.69999999995,607382.8999999999,76,13563.2,114,8,602,512,41
84.711594581604,96862.7,3927518.9,76,13756.9,114,1,300,128,100
45.36432671546936,111127.9,4419248.9,76,13727.6,114,2,300,128,100
33.49654483795166,121333.09999999999,4419926.3,76,13734.6,114,4,300,128,100
24.294636726379395,128957.09999999999,3888238.3000000003,76,14072.1,114,8,300,128,100
81.96303200721741,97345.4,3940476.2,76,13704.1,114,1,300,128,100
42.56583285331726,111459.5,4447729.9,76,14138.5,114,2,300,128,100
32.072155714035034,121554.7,4440112.3,76,14113.3,114,4,300,128,100
24.20959210395813,112930.5,2916032.3000000003,76,13704.1,114,8,300,128,100
82.03566241264343,97403.0,3935086.0,76,14119.3,114,1,300,128,100
44.72913932800293,111281.9,4475020.3,76,14109.4,114,2,300,128,100
33.898953914642334,121638.0,4451694.0,76,13736.2,114,4,300,128,100
23.624885082244873,128137.70000000001,3804500.099999999,76,13717.5,114,8,300,128,100
82.02452254295349,97109.4,3939398.2,76,14145.9,114,1,300,128,100
71.8308687210083,110991.9,4477978.5,76,13746.6,114,2,300,256,100
46.60509634017944,121431.40000000001,4427490.800000001,76,14145.9,114,4,300,256,100
41.373414754867554,129222.20000000001,3866515.7999999993,76,14159.2,114,8,300,256,100
123.6740312576294,97149.6,3929523.2,76,13771.8,114,1,300,256,100
68.54906249046326,111325.9,4417367.1,76,14139.3,114,2,300,256,100
50.707571268081665,122017.70000000001,4395720.1,76,13710.4,114,4,300,256,100
41.299538135528564,95925.59999999999,3368809.4000000004,76,14075.4,114,8,300,256,100
125.12531065940857,97377.1,3931100.5,76,14091.0,114,1,300,256,100
75.3436348438263,111290.29999999999,4423454.1,76,13721.4,114,2,300,256,100
45.346426010131836,91494.20000000001,4471414.899999999,76,14137.5,114,4,300,256,100
33.30084013938904,128970.1,3392303.8,76,14145.9,114,8,300,256,100
137.10120344161987,97424.7,3932108.3,76,14130.2,114,1,300,512,100
84.95337629318237,111321.5,4472534.699999999,76,13735.5,114,2,300,512,100
62.376803159713745,121384.70000000001,4431438.699999999,76,13695.5,114,4,300,512,100
39.268736839294434,80554.2,2872204.5,76,14156.8,114,8,300,512,100
138.53321075439453,97521.3,3944265.1,76,13765.5,114,1,300,512,100
90.56444978713989,111261.6,4426107.8,76,14151.0,114,2,300,512,100
63.594215631484985,121299.6,4407811.4,76,13727.6,114,4,300,512,100
47.196943521499634,112485.50000000001,3875365.1999999997,76,13732.3,114,8,300,512,100
143.6003873348236,97091.0,3931275.0,76,13727.6,114,1,300,512,100
82.78057622909546,111336.2,4473014.8,76,13759.0,114,2,300,512,100
64.16746425628662,121954.90000000001,4482943.1,76,13707.2,114,4,300,512,100
55.85943555831909,112948.09999999999,2945486.9,76,14035.8,114,8,300,512,100
28.222296237945557,213026.7,319804.0,76,13754.3,114,1,300,128,100
16.175111293792725,250731.7,329761.5,76,13715.8,114,2,300,128,100
14.35608696937561,281679.1,251831.90000000002,76,13698.5,114,4,300,128,100
14.687509298324585,191398.0,255408.0,76,13721.4,114,8,300,128,100
25.327343702316284,183175.8,238135.5,76,13749.0,114,1,300,128,100
15.332431554794312,210223.90000000002,246724.40000000002,76,13702.6,114,2,300,128,100
13.314160823822021,230360.3,250219.5,76,14111.9,114,4,300,128,100
13.376911401748657,245665.40000000002,221847.59999999998,76,13724.4,114,8,300,128,100
28.171369552612305,191019.30000000002,295177.5,76,13719.0,114,1,300,128,100
13.496921300888062,225871.2,304803.6,76,14327.5,114,2,300,128,100
14.30531096458435,191743.1,233343.8,76,13677.4,114,4,300,128,100
15.095285892486572,275833.1,273200.7,76,13718.3,114,8,300,128,100
28.54611587524414,212927.2,319853.2,76,13733.2,114,1,300,128,100
26.435997009277344,250105.59999999998,329135.69999999995,76,14130.2,114,2,300,256,100
21.443632125854492,282122.0,336951.29999999993,76,13683.0,114,4,300,256,100
18.411231994628906,268068.19999999995,255972.30000000002,76,13727.6,114,8,300,256,100
42.356934547424316,183567.1,238993.5,76,13726.9,114,1,300,256,100
26.873967170715332,209312.1,245306.30000000002,76,13743.4,114,2,300,256,100
20.93595027923584,229653.30000000002,187605.7,76,14380.7,114,4,300,256,100
17.60978126525879,213773.30000000002,220737.7,76,13736.2,114,8,300,256,100
39.97682499885559,190807.1,295788.8,76,13839.2,114,1,300,256,100
27.10452628135681,225654.0,303778.7,76,14106.8,114,2,300,256,100
21.150283813476562,191260.9,232634.1,76,13693.1,114,4,300,256,100
17.265700817108154,206682.89999999997,234146.0,76,14143.5,114,8,300,256,100
45.66797757148743,212751.19999999998,319783.0,76,13754.4,114,1,300,512,100
20.477567434310913,251628.6,331357.5,76,13738.5,114,2,300,512,100
18.027394771575928,280487.6,334547.30000000005,76,13722.2,114,4,300,512,100
17.63274598121643,231735.7,301204.7,76,13682.3,114,8,300,512,100
46.639201164245605,183752.6,239069.3,76,13726.1,114,1,300,512,100
18.677976369857788,209757.3,245774.2,76,13745.8,114,2,300,512,100
17.837469339370728,229518.3,249424.0,76,13709.7,114,4,300,512,100
16.40668225288391,215423.5,222218.80000000002,76,13708.7,114,8,300,512,100
40.2941575050354,191715.7,297434.5,76,13722.0,114,1,300,512,100
19.456390142440796,226265.7,305007.5,76,13706.5,114,2,300,512,100
17.167606353759766,254376.19999999998,309377.6,76,13704.1,114,4,300,512,100
15.724148988723755,240909.7,233776.6,76,13676.9,114,8,300,512,100
31.32159972190857,199509.0,8285358.4,76,13862.4,114,1,100,128,47
14.753128051757812,219341.59999999998,6787219.8,76,13768.6,114,2,100,128,47
11.400521516799927,232491.69999999998,5250374.0,76,13738.7,114,4,100,128,47
8.280154466629028,239875.3,4077909.6,76,13639.5,114,8,100,128,47
28.85630750656128,199514.7,8276285.2,76,14214.6,114,1,100,128,47
15.882790565490723,219585.6,6796150.6,76,14205.5,114,2,100,128,47
10.691551208496094,174030.8,5246260.6,76,13707.2,114,4,100,128,47
7.502058744430542,209789.4,3590224.0,76,13626.2,114,8,100,128,47
31.685097217559814,199226.2,8305843.0,76,13781.2,114,1,100,128,47
15.354067325592041,219527.0,6797134.6,76,13717.5,114,2,100,128,47
10.842351198196411,232286.7,5284560.2,76,14481.4,114,4,100,128,47
7.555739879608154,239684.4,4113988.4,76,13641.9,114,8,100,128,47
33.61055302619934,199597.2,8309309.2,76,13777.2,114,1,100,128,47
22.278660774230957,219759.40000000002,6788009.0,76,14130.2,114,2,100,256,47
14.68792724609375,232378.7,5275956.0,76,14031.7,114,4,100,256,47
10.687339067459106,209918.99999999997,3593004.0,76,14644.9,114,8,100,256,47
42.60992622375488,199555.6,8261393.4,76,13724.4,114,1,100,256,47
22.052435159683228,219569.7,6792881.199999999,76,13763.1,114,2,100,256,47
15.688546180725098,232158.4,5278198.0,76,14133.3,114,4,100,256,47
10.74454927444458,239917.30000000002,4085040.8,76,13623.2,114,8,100,256,47
34.521543979644775,199629.5,8294376.8,76,13624.0,114,1,100,256,47
26.4421968460083,219627.0,6801569.800000001,76,13973.8,114,2,100,256,47
15.117957592010498,232345.30000000002,5257044.0,76,14200.3,114,4,100,256,47
10.321207284927368,239772.1,4101562.1999999997,76,13651.9,114,8,100,256,47
61.05540704727173,199428.0,8268136.6,76,14186.1,114,1,100,512,47
22.96333074569702,219549.5,6798184.199999999,76,13753.7,114,2,100,512,47
18.420538902282715,174471.59999999998,3943140.8000000003,76,13712.7,114,4,100,512,47
16.96414041519165,239712.09999999998,4099217.8000000003,76,13645.0,114,8,100,512,47
71.10424447059631,199278.5,8287107.0,76,13756.7,114,1,100,512,47
37.677977561950684,219728.1,6795094.6,76,14261.9,114,2,100,512,47
19.143166542053223,232450.0,5277612.6,76,13753.5,114,4,100,512,47
17.63279414176941,239723.2,4102864.6,76,13651.9,114,8,100,512,47
65.34088277816772,199823.6,8265276.8,76,13752.0,114,1,100,512,47
39.64552545547485,219489.2,6771500.4,76,13726.9,114,2,100,512,47
18.3669011592865,232084.8,5255599.0,76,13868.1,114,4,100,512,47
18.200182676315308,209759.69999999998,3576752.0000000005,76,13628.6,114,8,100,512,47
5.903376817703247,492576.1,663552.0,76,14268.8,114,1,100,128,47
3.819011688232422,568814.7999999999,679521.8,76,14109.4,114,2,100,128,47
3.5460433959960938,622362.0,688629.8,76,13663.5,114,4,100,128,47
4.301634788513184,493216.5,433416.5,76,14151.6,114,8,100,128,47
5.848832368850708,399996.10000000003,459575.2,76,13825.7,114,1,100,128,47
4.539999485015869,449206.6,470317.19999999995,76,13815.4,114,2,100,128,47
3.7759859561920166,362233.9,357830.8,76,13672.8,114,4,100,128,47
4.370409250259399,377594.9,419858.2,76,13660.4,114,8,100,128,47
4.132181406021118,427788.10000000003,592196.0,76,13797.8,114,1,100,128,47
3.1443331241607666,489954.19999999995,600867.0,76,13781.9,114,2,100,128,47
3.4704673290252686,534895.4,606155.3999999999,76,13748.1,114,4,100,128,47
4.235563516616821,422107.1,456538.2,76,14132.5,114,8,100,128,47
5.694876432418823,492720.30000000005,663591.2,76,14468.3,114,1,100,128,47
3.9246742725372314,568044.3,679233.5,76,13756.7,114,2,100,256,47
4.199431657791138,467426.9,516789.4,76,14196.3,114,4,100,256,47
4.914595127105713,658420.9999999999,694175.5999999999,76,13970.5,114,8,100,256,47
5.626297235488892,400339.0,459627.1,76,15180.3,114,1,100,256,47
5.746134519577026,449508.2,470948.6,76,13798.6,114,2,100,256,47
3.554776191711426,482831.80000000005,476917.19999999995,76,14161.0,114,4,100,256,47
4.835981369018555,377684.5,360095.49999999994,76,13671.3,114,8,100,256,47
6.173512935638428,427507.60000000003,591917.2000000001,76,13825.7,114,1,100,256,47
3.8368401527404785,490605.0,601093.0,76,13782.1,114,2,100,256,47
3.5862624645233154,534880.2,605864.4,76,14266.1,114,4,100,256,47
4.754008769989014,421728.70000000007,456086.8,76,13818.5,114,8,100,256,47
10.465148210525513,492607.5,663203.1,76,13780.4,114,1,100,512,47
7.7064361572265625,568727.2,679615.5,76,13776.5,114,2,100,512,47
5.0119469165802,623703.6,689278.4,76,13694.8,114,4,100,512,47
5.291015386581421,576282.2,520167.6,76,14121.8,114,8,100,512,47
9.135707139968872,399546.3,459364.0,76,14544.4,114,1,100,512,47
10.307273149490356,448722.2,470218.7,76,13749.0,114,2,100,512,47
4.856600761413574,361857.9,357406.39999999997,76,14025.2,114,4,100,512,47
5.107165098190308,440479.9,360141.2,76,13789.1,114,8,100,512,47
10.145488262176514,427479.4,591909.1,76,13773.5,114,1,100,512,47
6.304638862609863,491115.6,601671.2,76,14135.1,114,2,100,512,47
3.8583908081054688,534427.1,605722.3999999999,76,13813.7,114,4,100,512,47
4.575840950012207,421097.2,455798.89999999997,76,13678.4,114,8,100,512,47
1.8588616847991943,59184.9,558793.4,76,13859.9,114,1,500,128,7
1.7486002445220947,86647.7,757452.8,76,13844.1,114,2,500,128,7
1.3247551918029785,114180.29999999999,894136.7999999999,76,13838.4,114,4,500,128,7
1.4222943782806396,138446.3,946116.7999999999,76,13811.4,114,8,500,128,7
2.0121095180511475,59179.4,558555.6,76,13895.3,114,1,500,128,7
1.4797329902648926,86578.7,756545.6000000001,76,13855.9,114,2,500,128,7
1.4167625904083252,114104.9,893299.0,76,13823.4,114,4,500,128,7
1.5458664894104004,138642.6,828532.5999999999,76,14248.4,114,8,500,128,7
2.0081403255462646,59094.4,557788.8,76,13882.5,114,1,500,128,7
1.4121320247650146,86629.2,757510.0,76,13882.5,114,2,500,128,7
1.4338674545288086,114191.6,893688.2,76,13859.9,114,4,500,128,7
1.4433574676513672,121412.0,830657.6,76,14312.2,114,8,500,128,7
1.9212400913238525,59169.6,558457.8,76,13859.2,114,1,500,128,7
3.4004995822906494,86533.6,756083.6000000001,76,13860.1,114,2,500,256,7
2.102522373199463,114127.4,893813.9999999999,76,13828.9,114,4,500,256,7
2.232271671295166,138468.69999999998,945205.2,76,13840.9,114,8,500,256,7
5.582839250564575,59241.7,559130.8,76,13925.1,114,1,500,256,7
3.52521014213562,86680.2,758368.2,76,13840.1,114,2,500,256,7
2.3302810192108154,114140.9,893544.6000000001,76,14239.9,114,4,500,256,7
2.152242422103882,138608.4,947276.6000000001,76,13839.2,114,8,500,256,7
6.114390850067139,59138.0,557941.0,76,13937.3,114,1,500,256,7
3.381361722946167,86571.20000000001,757207.4,76,13866.4,114,2,500,256,7
2.365593433380127,114093.8,893891.3999999999,76,13851.3,114,4,500,256,7
2.2404704093933105,138525.7,946661.4000000001,76,13813.7,114,8,500,256,7
6.377341270446777,59222.2,558854.6,76,13864.1,114,1,500,512,7
4.934638738632202,86612.8,757423.4,76,13836.9,114,2,500,512,7
3.6215171813964844,114175.6,894123.0,76,13802.7,114,4,500,512,7
3.3502516746520996,138618.5,948633.2,76,13805.8,114,8,500,512,7
6.790158987045288,59196.3,558684.6,76,13879.2,114,1,500,512,7
4.653013706207275,86660.20000000001,757809.0,76,13863.9,114,2,500,512,7
3.487194776535034,114216.1,894286.0,76,13826.4,114,4,500,512,7
3.2335004806518555,138661.5,947885.4,76,14176.9,114,8,500,512,7
6.621060371398926,59192.7,558651.8,76,13884.8,114,1,500,512,7
4.550278663635254,86682.20000000001,758274.2,76,13856.1,114,2,500,512,7
3.526423454284668,114100.79999999999,893954.8,76,13800.3,114,4,500,512,7
3.2549262046813965,121278.4,828761.0,76,14234.9,114,8,500,512,7
1.6674830913543701,116936.4,227816.1,76,13904.2,114,1,500,128,7
1.3804137706756592,164955.8,265008.1,76,13874.4,114,2,500,128,7
1.3406801223754883,216675.2,295667.2,76,13813.0,114,4,500,128,7
1.2894814014434814,265059.60000000003,320064.2,76,14403.1,114,8,500,128,7
1.6401009559631348,110741.3,193495.3,76,14255.2,114,1,500,128,7
1.4624919891357422,150453.7,220347.6,76,13849.4,114,2,500,128,7
1.24098539352417,190696.09999999998,241817.09999999998,76,13824.1,114,4,500,128,7
1.2578270435333252,227481.1,259093.99999999997,76,13806.5,114,8,500,128,7
1.6917517185211182,111188.4,223578.2,76,13856.9,114,1,500,128,7
1.3623433113098145,160402.5,263402.1,76,13844.9,114,2,500,128,7
1.1916491985321045,215528.3,298678.69999999995,76,14169.3,114,4,500,128,7
1.336268424987793,200987.5,327399.19999999995,76,14135.1,114,8,500,128,7
1.6242945194244385,117015.79999999999,227925.19999999998,76,13896.1,114,1,500,128,7
2.5056967735290527,164891.2,265041.2,76,13860.1,114,2,500,256,7
2.0137228965759277,216597.40000000002,295687.7,76,13824.9,114,4,500,256,7
1.6463935375213623,265254.7,320441.4,76,13802.7,114,8,500,256,7
2.850902795791626,110859.4,193870.4,76,13913.2,114,1,500,256,7
2.3782057762145996,150253.2,219972.3,76,13895.3,114,2,500,256,7
1.6983058452606201,142785.6,241539.49999999997,76,13858.4,114,4,500,256,7
1.5203204154968262,198550.60000000003,258601.0,76,13799.5,114,8,500,256,7
2.9356648921966553,111042.29999999999,223092.3,76,13856.7,114,1,500,256,7
2.460165023803711,160653.09999999998,264256.5,76,13856.9,114,2,500,256,7
1.7648005485534668,161541.2,223677.0,76,13845.6,114,4,500,256,7
1.615034580230713,200915.19999999998,285934.6,76,13770.3,114,8,500,256,7
3.5129098892211914,116984.2,227946.6,76,13901.7,114,1,500,512,7
1.8742446899414062,165115.8,265333.7,76,13830.4,114,2,500,512,7
1.6172268390655518,216700.8,295786.5,76,13861.6,114,4,500,512,7
1.338179349899292,231865.5,320177.7,76,13726.1,114,8,500,512,7
3.289785861968994,110766.6,193607.5,76,13848.1,114,1,500,512,7
1.7753124237060547,150302.40000000002,220158.6,76,13906.7,114,2,500,512,7
1.4623160362243652,142764.5,181063.0,76,13858.4,114,4,500,512,7
1.327019453048706,226846.69999999998,258437.90000000002,76,14151.8,114,8,500,512,7
3.4533050060272217,111055.1,222902.69999999998,76,13938.2,114,1,500,512,7
1.8970615863800049,160332.4,263409.3,76,13831.4,114,2,500,512,7
1.4046955108642578,215338.30000000002,298176.7,76,13849.6,114,4,500,512,7
1.2535021305084229,234486.5,327156.39999999997,76,14164.2,114,8,500,512,7
242.7155339717865,111010.0,69376709.6,76,13716.8,114,1,602,128,41
151.6836860179901,151395.7,87414526.6,76,14087.1,114,2,602,128,41
104.89641237258911,186622.8,90281574.2,76,14552.6,114,4,602,128,41
73.44774913787842,213315.70000000004,77633946.4,76,13708.0,114,8,602,128,41
239.50280094146729,110951.8,69376673.6,76,13752.0,114,1,602,128,41
142.60579776763916,151135.3,87787921.19999999,76,13768.6,114,2,602,128,41
97.46387600898743,186772.5,90512768.4,76,13739.2,114,4,602,128,41
74.29740357398987,213422.6,77670321.20000002,76,13885.6,114,8,602,128,41
235.58733677864075,110962.0,69224569.0,76,14210.6,114,1,602,128,41
154.1993706226349,151361.3,87431463.0,76,14555.1,114,2,602,128,41
100.15935897827148,186933.8,90556814.2,76,14228.2,114,4,602,128,41
74.01582908630371,213627.00000000003,77553584.2,76,13683.0,114,8,602,128,41
239.7851438522339,111095.8,69545721.6,76,14465.6,114,1,602,128,41
192.62811851501465,151048.0,87648898.6,76,14096.9,114,2,602,256,41
150.5041995048523,187028.2,90874327.0,76,13790.8,114,4,602,256,41
112.90385055541992,213284.09999999998,77346210.00000001,76,13713.6,114,8,602,256,41
289.47608375549316,111059.6,69462454.4,76,14561.2,114,1,602,256,41
211.2282919883728,151282.59999999998,87606315.4,76,13778.9,114,2,602,256,41
151.9334089756012,186821.7,90670637.19999999,76,13732.3,114,4,602,256,41
112.47631692886353,213611.19999999998,78039834.4,76,13703.3,114,8,602,256,41
288.37085366249084,110948.3,69204599.0,76,13724.4,114,1,602,256,41
193.52158880233765,151070.0,87448495.19999999,76,13765.4,114,2,602,256,41
150.12146306037903,186724.4,90468177.2,76,14111.9,114,4,602,256,41
108.40285205841064,213662.4,77624277.2,76,14181.9,114,8,602,256,41
444.082154750824,111042.2,69560263.8,76,14514.6,114,1,602,512,41
296.20043659210205,151246.8,87480197.6,76,14197.1,114,2,602,512,41
238.6205551624298,186615.0,90772831.19999999,76,13759.9,114,4,602,512,41
177.48384141921997,213631.99999999997,77738255.2,76,13658.9,114,8,602,512,41
440.30088090896606,110930.9,69400352.4,76,13678.4,114,1,602,512,41
296.35583877563477,151146.7,87480991.0,76,14214.0,114,2,602,512,41
241.43093299865723,186840.3,90705448.8,76,13801.8,114,4,602,512,41
171.3778200149536,213515.39999999997,77550343.99999999,76,13746.6,114,8,602,512,41
440.61437153816223,110925.6,69349901.6,76,13689.2,114,1,602,512,41
301.0413627624512,151021.6,87580530.0,76,13729.1,114,2,602,512,41
235.6458489894867,186742.0,90466250.00000001,76,13681.4,114,4,602,512,41
179.69201970100403,213683.5,77408397.8,76,14028.6,114,8,602,512,41
18.8722825050354,467453.89999999997,1893573.0000000002,76,14106.0,114,1,602,128,41
20.90743350982666,721005.3,2507454.1,76,14099.3,114,2,602,128,41
15.963086128234863,1082204.5,3049705.9,76,14069.5,114,4,602,128,41
19.187937021255493,1371638.3,3025038.8,76,13711.2,114,8,602,128,41
23.2341570854187,602992.1,4448670.7,76,13876.9,114,1,602,128,41
24.157758951187134,992154.4000000001,6741743.6,76,13749.6,114,2,602,128,41
30.17611289024353,1585320.8000000003,9348174.399999999,76,13762.3,114,4,602,128,41
32.670086145401,2469760.1,11779725.600000001,76,13741.9,114,8,602,128,41
17.86757493019104,458273.80000000005,1342229.4000000001,76,14227.4,114,1,602,128,41
18.520257472991943,697006.5,1756841.3,76,13752.8,114,2,602,128,41
13.863739728927612,1019088.8999999999,2119108.0,76,13764.6,114,4,602,128,41
17.063528776168823,1419731.2999999998,2389656.8000000003,76,13729.1,114,8,602,128,41
18.990081310272217,467111.6,1892396.9,76,14111.9,114,1,602,128,41
20.734510898590088,721304.3,2508747.7,76,13781.9,114,2,602,256,41
23.0610990524292,1081684.7,3047092.0,76,13782.9,114,4,602,256,41
24.94014310836792,1568901.8,3455834.4000000004,76,14088.6,114,8,602,256,41
34.80891966819763,602622.5,4444574.9,76,13754.4,114,1,602,256,41
27.71855902671814,992759.5,6747468.5,76,13800.3,114,2,602,256,41
41.2791383266449,1584572.5,9339992.5,76,13737.0,114,4,602,256,41
47.38995385169983,2468850.8,11770066.100000001,76,13744.1,114,8,602,256,41
29.137577533721924,458844.10000000003,1344788.7,76,13824.9,114,1,602,256,41
20.16490149497986,697246.7,1757887.7,76,13789.9,114,2,602,256,41
20.0852530002594,1019083.0,2118966.2,76,14175.9,114,4,602,256,41
22.215389490127563,1241957.5,2090388.2999999998,76,13722.9,114,8,602,256,41
51.46411943435669,467550.1,1894942.4,76,13683.0,114,1,602,512,41
39.96696066856384,721771.5999999999,2512227.6,76,13804.2,114,2,602,512,41
40.10368871688843,1081785.7,3046173.3,76,13720.7,114,4,602,512,41
36.80050587654114,1567711.9,3023662.2,76,14488.5,114,8,602,512,41
73.13035178184509,602886.6,4447467.1,76,14120.1,114,1,602,512,41
59.02109718322754,992122.0,6740943.4,76,14096.9,114,2,602,512,41
68.4514639377594,1585112.6,9346527.700000001,76,13771.0,114,4,602,512,41
70.97050094604492,2470103.2,11777867.000000002,76,13753.7,114,8,602,512,41
48.88485074043274,458665.5,1343594.8,76,13963.9,114,1,602,512,41
38.58092665672302,696726.3,1755372.6,76,13770.1,114,2,602,512,41
34.19663333892822,1019588.7,2120884.4,76,13749.6,114,4,602,512,41
35.56597971916199,1241518.2999999998,2388822.6999999997,76,14078.8,114,8,602,512,41
102.42737197875977,97663.9,3948904.3,76,13801.0,114,1,300,128,100
56.192503213882446,110793.9,4417422.3,76,13725.2,114,2,300,128,100
39.82050323486328,91521.1,3331912.6999999997,76,13395.2,114,4,300,128,100
32.36636233329773,127913.99999999999,3822644.8000000003,76,13685.3,114,8,300,128,100
107.68421602249146,97318.9,3925532.7,76,13768.6,114,1,300,128,100
57.60794639587402,111276.79999999999,4465149.8,76,13751.3,114,2,300,128,100
39.25358748435974,90804.70000000001,3306892.7,76,13739.4,114,4,300,128,100
31.812477111816406,113056.6,3409944.0000000005,76,14059.9,114,8,300,128,100
107.41576480865479,97438.7,3956297.1,76,13740.2,114,1,300,128,100
59.680652379989624,111493.0,4492932.199999999,76,13760.7,114,2,300,128,100
39.46079230308533,121758.19999999998,4426914.8,76,13767.1,114,4,300,128,100
31.07452893257141,129041.3,3896130.1,76,13733.1,114,8,300,128,100
100.99746632575989,97045.7,3933618.9,76,13786.8,114,1,300,128,100
114.49937033653259,111182.79999999999,4456768.2,76,13745.6,114,2,300,256,100
63.97500038146973,91069.4,3378180.8,76,13751.1,114,4,300,256,100
63.45222210884094,128712.7,3924544.3,76,13730.8,114,8,300,256,100
177.1095049381256,97277.9,3907102.9,76,13690.1,114,1,300,256,100
108.02756214141846,110916.1,4435433.9,76,13752.0,114,2,300,256,100
66.49545359611511,121687.40000000001,4397938.0,76,14123.4,114,4,300,256,100
63.46789598464966,113146.2,3423394.4,76,13715.1,114,8,300,256,100
179.15154457092285,97586.8,3926912.2,76,13784.4,114,1,300,256,100
96.14944219589233,110869.9,4447497.5,76,13742.6,114,2,300,256,100
57.27924108505249,91065.8,3357643.8,76,13795.5,114,4,300,256,100
59.54354977607727,112586.0,3368479.8000000003,76,13767.6,114,8,300,256,100
239.83277368545532,97364.8,3936384.8,76,14156.8,114,1,300,512,100
152.2886872291565,111541.2,4475208.6,76,13773.3,114,2,300,512,100
124.56117367744446,121590.7,4476507.3,76,13738.7,114,4,300,512,100
104.61202478408813,112623.5,3407685.9000000004,76,13700.2,114,8,300,512,100
248.4484839439392,97020.7,3927382.1,76,13778.0,114,1,300,512,100
150.6112048625946,111439.4,4428880.800000001,76,13756.7,114,2,300,512,100
111.41486930847168,121472.6,4434008.6,76,13737.2,114,4,300,512,100
105.55740571022034,112755.7,3918945.1,76,13726.1,114,8,300,512,100
248.3879144191742,97182.9,3946439.5,76,13724.4,114,1,300,512,100
152.04434776306152,111175.20000000001,4456651.4,76,13733.1,114,2,300,512,100
134.84478497505188,91179.9,3334538.1000000006,76,13725.2,114,4,300,512,100
87.83452844619751,128413.5,3816684.5000000005,76,13722.0,114,8,300,512,100
74.21016550064087,579193.1000000001,1377901.0,76,13725.2,114,1,300,128,100
36.34582996368408,784083.7,1582939.8000000003,76,14118.5,114,2,300,128,100
32.537773847579956,1011777.1,1733459.2000000002,76,13762.2,114,4,300,128,100
39.395628929138184,1248240.1,1846214.9000000001,76,14135.9,114,8,300,128,100
105.704763174057,835446.9,3164416.3000000003,76,13744.9,114,1,300,128,100
63.79076337814331,1223017.7000000002,4013827.3,76,13738.5,114,2,300,128,100
56.399123430252075,1734589.0,4757424.899999999,76,14126.0,114,4,300,128,100
68.57247352600098,2348627.7,5289671.800000001,76,13761.4,114,8,300,128,100
67.10709619522095,538434.6,1031161.5000000001,76,13762.9,114,1,300,128,100
41.60621166229248,706513.3999999999,1169938.7999999998,76,13689.2,114,2,300,128,100
28.572978258132935,661780.5,954691.9,76,13724.4,114,4,300,128,100
34.25097846984863,919000.4000000001,1176832.5,76,14137.5,114,8,300,128,100
74.92239022254944,579966.2999999999,1378942.5000000002,76,13719.8,114,1,300,128,100
59.54100775718689,784125.2,1582535.4,76,14126.8,114,2,300,256,100
48.36225914955139,1013593.5999999999,1736309.1,76,13694.0,114,4,300,256,100
52.953359603881836,1246138.9,1842998.5,76,13721.4,114,8,300,256,100
158.06413388252258,834346.6000000001,3158077.0000000005,76,13755.2,114,1,300,256,100
116.5939712524414,1225165.6,4026649.5999999996,76,13733.1,114,2,300,256,100
97.00355362892151,1729585.6,4733162.5,76,14125.2,114,4,300,256,100
110.223872423172,1759650.7999999998,3961822.2,76,14071.3,114,8,300,256,100
100.86160898208618,538046.2999999999,1031412.7999999999,76,13752.0,114,1,300,256,100
63.8417809009552,706828.2,1171471.9,76,13756.7,114,2,300,256,100
43.010639667510986,884323.6000000001,1277063.7000000002,76,13708.9,114,4,300,256,100
46.970274686813354,1051163.2,1345753.0,76,13771.8,114,8,300,256,100
127.61563229560852,578345.2999999999,1374514.3,76,13737.7,114,1,300,512,100
74.71643114089966,784370.1000000001,1583829.7,76,13751.3,114,2,300,512,100
53.903884172439575,757307.1000000001,1294211.2999999998,76,13743.4,114,4,300,512,100
48.948596715927124,1092652.6,1616858.9000000001,76,13740.2,114,8,300,512,100
183.53259682655334,836179.3999999999,3165384.4,76,14130.2,114,1,300,512,100
123.39149141311646,1223278.0,4017807.8000000003,76,13689.2,114,2,300,512,100
94.28781628608704,1730587.2,4741519.399999999,76,13768.6,114,4,300,512,100
90.49679613113403,2348753.7,5284026.8,76,13737.0,114,8,300,512,100
131.09538984298706,540427.1000000001,1037761.7,76,13737.9,114,1,300,512,100
72.88228583335876,707061.0,1173121.1,76,13744.1,114,2,300,512,100
47.95161962509155,883464.3,1274852.6,76,14237.5,114,4,300,512,100
47.72400879859924,923285.2000000001,1183800.0,76,14069.7,114,8,300,512,100
44.326642751693726,199677.0,8282142.0,76,14234.1,114,1,100,128,47
22.89666485786438,219661.3,6782895.2,76,13722.9,114,2,100,128,47
13.870085716247559,174157.5,3954622.0,76,13693.3,114,4,100,128,47
10.258111715316772,209854.5,3578668.9999999995,76,13650.4,114,8,100,128,47
41.41030526161194,199471.1,8284731.4,76,14106.0,114,1,100,128,47
19.0525803565979,219844.4,6800372.6,76,14252.6,114,2,100,128,47
13.610517263412476,232481.69999999998,5263722.4,76,13692.3,114,4,100,128,47
10.924909353256226,179901.3,3581382.0,76,14397.1,114,8,100,128,47
43.820486068725586,199070.9,8263784.2,76,13715.1,114,1,100,128,47
25.150866508483887,219479.40000000002,6796452.800000001,76,13850.4,114,2,100,128,47
12.238619565963745,232180.2,5268447.199999999,76,13686.2,114,4,100,128,47
11.010628938674927,240045.9,4103138.0,76,14595.0,114,8,100,128,47
42.24721622467041,199739.5,8282849.8,76,13892.8,114,1,100,128,47
31.833597421646118,219675.5,6780319.6,76,14077.0,114,2,100,256,47
24.599862575531006,232233.6,5261683.6,76,14317.3,114,4,100,256,47
18.259443283081055,239789.19999999998,4094415.8,76,13652.6,114,8,100,256,47
68.3748071193695,199738.7,8280680.0,76,13517.3,114,1,100,256,47
29.849307775497437,219439.7,6779381.0,76,13922.6,114,2,100,256,47
24.39378786087036,232247.8,5269094.8,76,13727.6,114,4,100,256,47
17.98589324951172,239697.3,3588762.4,76,14039.9,114,8,100,256,47
59.795323848724365,199771.1,8263053.4,76,14156.8,114,1,100,256,47
37.007912397384644,219561.3,6791702.199999999,76,13771.8,114,2,100,256,47
24.9678316116333,232349.9,5245519.4,76,14053.2,114,4,100,256,47
18.29425048828125,209761.50000000003,3566240.2,76,13643.3,114,8,100,256,47
146.01402354240417,199303.6,8272701.8,76,13688.4,114,1,100,512,47
58.62773013114929,219634.1,6794338.6,76,14223.0,114,2,100,512,47
45.30158615112305,232329.30000000002,5269819.2,76,13740.9,114,4,100,512,47
36.249938011169434,239871.19999999998,4100079.2,76,13661.3,114,8,100,512,47
157.20007753372192,199685.8,8287585.8,76,13708.7,114,1,100,512,47
85.11191630363464,219622.90000000002,6798649.6,76,13734.7,114,2,100,512,47
51.884336709976196,232403.9,5257609.0,76,13718.3,114,4,100,512,47
38.45031929016113,209923.5,3577315.6,76,14236.7,114,8,100,512,47
153.4295938014984,199514.7,8276494.2,76,14110.2,114,1,100,512,47
56.77985978126526,219655.7,6790302.199999999,76,13822.6,114,2,100,512,47
45.275899171829224,232329.1,5269957.4,76,14218.8,114,4,100,512,47
39.28721642494202,239810.5,4080421.5999999996,76,13625.6,114,8,100,512,47
18.212897777557373,1448358.5,3178549.4000000004,76,13765.4,114,1,100,128,47
14.644686222076416,1915076.1,3478504.5999999996,76,14250.2,114,2,100,128,47
14.411089658737183,2369269.3000000003,3671508.3000000003,76,13560.8,114,4,100,128,47
11.749127388000488,2407996.7,2841171.3000000003,76,13624.0,114,8,100,128,47
41.82832407951355,2418626.1,10205927.9,76,13742.6,114,1,100,128,47
36.34320282936096,3533525.8,12000730.6,76,13883.3,114,2,100,128,47
38.182029485702515,4907392.300000001,13333758.1,76,13829.7,114,4,100,128,47
32.56596899032593,6383762.4,14195486.9,76,13640.2,114,8,100,128,47
15.931721448898315,1296073.5999999999,2226418.0,76,14102.8,114,1,100,128,47
14.77854061126709,1655137.5,2430541.4000000004,76,13786.7,114,2,100,128,47
10.741693496704102,1978337.7999999998,2558521.6,76,14093.6,114,4,100,128,47
10.162320852279663,1674737.9000000001,1974611.5,76,14180.3,114,8,100,128,47
18.703190803527832,1449395.5,3181706.0999999996,76,13719.0,114,1,100,128,47
20.97025465965271,1915811.5,3479455.3,76,14162.8,114,2,100,256,47
17.32309317588806,2368122.9,3672260.9,76,13689.4,114,4,100,256,47
14.461585283279419,1717160.2999999998,3313656.4999999995,76,13685.4,114,8,100,256,47
61.88813924789429,2414502.5999999996,10177107.1,76,13672.8,114,1,100,256,47
47.56531858444214,3536866.8999999994,12015868.2,76,13768.6,114,2,100,256,47
40.67444133758545,4911722.899999999,13344942.1,76,13707.2,114,4,100,256,47
33.76489233970642,5583428.299999999,12427473.899999999,76,14134.3,114,8,100,256,47
24.569454431533813,1296602.1,2225865.1999999997,76,13781.2,114,1,100,256,47
21.032043933868408,1652779.5,2429647.2,76,13798.8,114,2,100,256,47
14.19839859008789,1979711.0999999999,2559271.6,76,14054.8,114,4,100,256,47
12.093861818313599,2235916.5,2635155.9,76,13688.4,114,8,100,256,47
66.64622116088867,1450052.9,3181674.8000000003,76,13733.1,114,1,100,512,47
44.56774044036865,1917913.5999999999,3482189.8,76,14162.8,114,2,100,512,47
24.509241819381714,2368137.9000000004,3672281.6999999997,76,14089.4,114,4,100,512,47
22.362167358398438,2748384.3,3785906.7999999993,76,13708.0,114,8,100,512,47
123.00790309906006,2420288.9,10189482.8,76,13780.4,114,1,100,512,47
56.82918930053711,3532734.4000000004,12007214.0,76,13778.2,114,2,100,512,47
49.565868616104126,4912663.3,13335726.7,76,14200.3,114,4,100,512,47
48.057255268096924,5593718.4,12425501.0,76,13724.4,114,8,100,512,47
61.48444986343384,1296201.6,2227674.6,76,13733.2,114,1,100,512,47
37.96780014038086,1652803.2,2428769.5,76,14386.8,114,2,100,512,47
21.333894729614258,1978219.0,2558320.4,76,14101.1,114,4,100,512,47
19.1729576587677,1396178.2999999998,1646615.3,76,13711.9,114,8,100,512,47
2.0405893325805664,59165.9,558622.2,76,13884.0,114,1,500,128,7
1.906909704208374,86702.20000000001,757912.8,76,13839.2,114,2,500,128,7
1.7268545627593994,114218.2,893677.8,76,13820.9,114,4,500,128,7
1.6882708072662354,138339.3,945744.9999999999,76,13940.4,114,8,500,128,7
1.8548142910003662,59246.9,559460.8,76,13872.2,114,1,500,128,7
1.8055846691131592,86536.6,756358.6000000001,76,13852.9,114,2,500,128,7
1.8403353691101074,114206.80000000002,895076.6,76,13819.4,114,4,500,128,7
1.6297519207000732,138538.5,947614.8,76,13789.1,114,8,500,128,7
2.0177993774414062,59198.2,558974.8,76,13844.1,114,1,500,128,7
1.7970399856567383,86621.9,757316.8,76,13900.1,114,2,500,128,7
1.663628101348877,114191.40000000001,894701.6,76,13814.5,114,4,500,128,7
1.8388314247131348,138624.3,947239.0,76,13795.4,114,8,500,128,7
2.5393428802490234,59251.0,559281.2,76,13925.3,114,1,500,128,7
3.1817429065704346,86672.3,757608.3999999999,76,13865.5,114,2,500,256,7
3.0495944023132324,114357.1,895871.7999999999,76,13824.9,114,4,500,256,7
2.840221881866455,138747.8,948604.2,76,13831.2,114,8,500,256,7
4.4569854736328125,59111.5,557908.6,76,13894.6,114,1,500,256,7
3.331683397293091,86687.2,757764.6,76,13817.7,114,2,500,256,7
2.7817535400390625,114227.3,894308.3999999999,76,13833.6,114,4,500,256,7
2.9340243339538574,121352.5,830423.8,76,13813.0,114,8,500,256,7
6.1490795612335205,59134.3,558011.4,76,13909.7,114,1,500,256,7
4.64666485786438,86639.9,757586.2,76,13875.2,114,2,500,256,7
2.8586130142211914,114028.0,892516.2000000001,76,13832.7,114,4,500,256,7
2.8208529949188232,138624.90000000002,947296.2,76,13794.6,114,8,500,256,7
11.135275840759277,59261.5,559741.0,76,14271.2,114,1,500,512,7
8.21163821220398,86655.1,758030.8,76,14202.9,114,2,500,512,7
5.344264268875122,114161.70000000001,894928.0,76,13829.7,114,4,500,512,7
5.634289264678955,138433.30000000002,828330.0,76,14120.3,114,8,500,512,7
12.066706418991089,59203.2,558584.2,76,13779.7,114,1,500,512,7
8.242807149887085,86701.2,758466.0,76,13823.4,114,2,500,512,7
6.083500623703003,114156.69999999998,894621.6000000001,76,13796.3,114,4,500,512,7
5.6271796226501465,138556.59999999998,947210.9999999999,76,13768.6,114,8,500,512,7
11.320259809494019,59203.3,558855.6,76,13883.3,114,1,500,512,7
9.229829788208008,86639.8,757674.6000000001,76,13817.7,114,2,500,512,7
6.338864326477051,114116.1,894317.6,76,13832.1,114,4,500,512,7
5.61104679107666,138392.5,945822.2000000001,76,13788.4,114,8,500,512,7
3.222468376159668,239470.30000000002,637553.3,76,14165.2,114,1,500,128,7
3.365053176879883,376807.0,906734.2,76,13808.2,114,2,500,128,7
2.6550045013427734,573302.2,1190161.5,76,13786.7,114,4,500,128,7
2.9125070571899414,829372.2,1450346.2,76,13802.7,114,8,500,128,7
3.8538858890533447,272421.0,841166.2,76,13876.7,114,1,500,128,7
3.5408051013946533,446226.9,1293242.5,76,13809.9,114,2,500,128,7
3.654904842376709,707380.2,1841701.7999999998,76,13815.4,114,4,500,128,7
3.643050193786621,1087212.6,2410292.9000000004,76,13570.9,114,8,500,128,7
3.07332444190979,238196.3,581333.0,76,13882.5,114,1,500,128,7
3.059398889541626,371674.0,810060.7000000001,76,13802.0,114,2,500,128,7
2.3965370655059814,554691.8,1043164.8999999999,76,13811.3,114,4,500,128,7
2.822808027267456,780306.2999999999,1252087.4000000001,76,13784.4,114,8,500,128,7
4.523505449295044,239491.3,637648.4,76,13861.6,114,1,500,128,7
4.0114195346832275,376981.60000000003,907159.2,76,13825.7,114,2,500,256,7
3.490054130554199,573250.0,1190013.4,76,13839.9,114,4,500,256,7
3.872803211212158,829055.0999999999,1450029.3,76,14286.4,114,8,500,256,7
5.6833412647247314,272607.4,841760.4,76,13876.2,114,1,500,256,7
4.920945644378662,446635.30000000005,1294764.2,76,14166.0,114,2,500,256,7
4.64544153213501,707137.2000000001,1840787.3000000003,76,13794.6,114,4,500,256,7
5.070513486862183,1087926.5999999999,2412388.4,76,13763.9,114,8,500,256,7
5.078622341156006,238181.4,581299.0,76,13802.0,114,1,500,256,7
4.121515274047852,371939.80000000005,811018.7999999999,76,13849.6,114,2,500,256,7
3.3932971954345703,554764.6,1043243.8,76,13810.5,114,4,500,256,7
3.624253034591675,780627.9000000001,1252684.0999999999,76,13779.7,114,8,500,256,7
8.238316059112549,239634.0,638131.6,76,13837.6,114,1,500,512,7
6.384013414382935,377256.80000000005,908158.0,76,13826.6,114,2,500,512,7
4.429995059967041,572855.4,1188896.8,76,13816.9,114,4,500,512,7
4.3210718631744385,725596.0,1450798.4,76,14335.2,114,8,500,512,7
9.968055248260498,272539.9,841390.0,76,13789.9,114,1,500,512,7
7.068915367126465,446429.4,1294152.2,76,13856.7,114,2,500,512,7
5.8291261196136475,530831.7000000001,1382525.9000000001,76,13824.7,114,4,500,512,7
5.8574059009552,1086175.5,2406234.8000000003,76,13770.3,114,8,500,512,7
8.786873579025269,238359.2,581934.1,76,13814.5,114,1,500,512,7
5.8656511306762695,371680.9,810487.8,76,13828.9,114,2,500,512,7
4.711133718490601,554768.0,1043316.8,76,13808.2,114,4,500,512,7
4.052408933639526,585235.1,940243.6,76,13790.8,114,8,500,512,7
231.9526219367981,111152.1,69314488.2,76,14529.7,114,1,602,128,41
143.9605052471161,151362.0,87605216.0,76,13756.9,114,2,602,128,41
120.55087471008301,186704.6,90781172.39999999,76,13726.1,114,4,602,128,41
75.25857734680176,213597.0,77396618.39999999,76,13697.9,114,8,602,128,41
231.40107679367065,111062.7,69287270.2,76,13849.6,114,1,602,128,41
146.69770073890686,151287.1,87564299.4,76,14204.5,114,2,602,128,41
103.27216339111328,186626.8,90633898.60000001,76,13746.6,114,4,602,128,41
81.3163754940033,186952.1,67980699.4,76,13686.2,114,8,602,128,41
231.55689311027527,110915.7,69324391.2,76,14271.2,114,1,602,128,41
150.6494596004486,151044.5,87328721.6,76,14519.9,114,2,602,128,41
103.38944411277771,186940.3,90278373.8,76,14292.5,114,4,602,128,41
74.65806651115417,213542.6,77370249.6,76,13719.8,114,8,602,128,41
225.8380467891693,110996.6,69395437.2,76,13676.7,114,1,602,128,41
201.9595983028412,151322.0,87620927.0,76,13722.9,114,2,602,256,41
155.13653326034546,186766.1,90536696.80000001,76,13774.8,114,4,602,256,41
109.777578830719,213533.70000000004,77704899.2,76,13752.8,114,8,602,256,41
281.0364284515381,110915.1,69384478.4,76,14090.2,114,1,602,256,41
202.54059720039368,151449.9,87644641.6,76,13746.6,114,2,602,256,41
154.1816599369049,186781.30000000002,90600503.0,76,14162.6,114,4,602,256,41
114.93077039718628,213587.2,77511697.8,76,14069.5,114,8,602,256,41
299.57083344459534,110958.4,69250682.4,76,14487.5,114,1,602,256,41
204.64001846313477,151274.3,87473653.6,76,13781.9,114,2,602,256,41
154.22589135169983,186695.8,90647488.8,76,13946.9,114,4,602,256,41
110.16250610351562,213618.50000000003,78074557.2,76,13715.1,114,8,602,256,41
451.34888434410095,110992.4,69343643.6,76,13900.1,114,1,602,512,41
289.5383551120758,151367.4,87569323.19999999,76,13719.0,114,2,602,512,41
242.3517665863037,186803.09999999998,90459210.6,76,14084.5,114,4,602,512,41
179.82425904273987,213386.5,77164781.19999999,76,13805.0,114,8,602,512,41
450.2446084022522,111075.8,69266794.6,76,13679.1,114,1,602,512,41
294.07799243927,151282.6,87137640.0,76,13704.1,114,2,602,512,41
247.34509253501892,186849.40000000002,90385393.39999999,76,14528.7,114,4,602,512,41
180.01324701309204,186697.7,68374516.4,76,13944.6,114,8,602,512,41
457.1953692436218,110920.5,69289640.4,76,14444.0,114,1,602,512,41
305.30491876602173,151043.3,87462841.6,76,13863.2,114,2,602,512,41
243.6199803352356,186570.7,90327167.8,76,13721.3,114,4,602,512,41
183.8497335910797,213450.7,77742768.0,76,14143.5,114,8,602,512,41
17.549005031585693,467811.6,1896368.0999999999,76,14251.0,114,1,602,128,41
16.140770435333252,721088.5,2507513.5999999996,76,13775.0,114,2,602,128,41
16.121391773223877,1081803.9,3047859.4,76,13754.4,114,4,602,128,41
23.7150719165802,1371164.2000000002,3020219.2,76,13701.8,114,8,602,128,41
26.556876182556152,602951.3999999999,4447494.8,76,13833.6,114,1,602,128,41
22.52349352836609,992584.1000000001,6745296.5,76,13753.7,114,2,602,128,41
31.9250168800354,1584442.1999999997,9338341.2,76,13766.1,114,4,602,128,41
42.36859655380249,2160348.0999999996,10298178.299999999,76,13702.6,114,8,602,128,41
17.822991371154785,458836.89999999997,1344438.3,76,13759.7,114,1,602,128,41
14.810021162033081,697001.4,1755472.2999999998,76,13691.6,114,2,602,128,41
15.45788288116455,1019168.5,2119473.8,76,13883.3,114,4,602,128,41
17.73174524307251,1420223.3,2391387.9,76,13752.0,114,8,602,128,41
25.35168766975403,467505.80000000005,1894175.1999999997,76,13734.7,114,1,602,128,41
27.624052047729492,720816.3,2505606.0,76,13712.9,114,2,602,256,41
22.824269771575928,1081938.3,3047656.4,76,13741.1,114,4,602,256,41
27.420612573623657,1568152.1999999997,3454869.3999999994,76,13883.3,114,8,602,256,41
47.84354519844055,602678.2,4445074.0,76,14526.1,114,1,602,256,41
32.35572147369385,992555.7000000001,6744957.9,76,13784.4,114,2,602,256,41
44.08676624298096,1584786.5,9349979.0,76,13788.4,114,4,602,256,41
50.61087203025818,2470236.1,11784741.200000001,76,13701.8,114,8,602,256,41
30.739905834197998,458741.10000000003,1343840.9,76,13737.0,114,1,602,256,41
21.074151277542114,697478.8,1758218.8,76,13913.0,114,2,602,256,41
20.289524793624878,1018913.1,2117245.2,76,14041.7,114,4,602,256,41
22.011000156402588,1419017.9,2389568.8,76,15219.7,114,8,602,256,41
55.82316875457764,467817.4,1896196.0999999999,76,13741.9,114,1,602,512,41
42.68759107589722,721754.5,2510913.0,76,13751.3,114,2,602,512,41
37.97511434555054,1081887.9,3047705.2,76,13752.0,114,4,602,512,41
42.184565782547,1372185.9000000001,3023931.7,76,13689.4,114,8,602,512,41
68.68383264541626,602830.5,4446056.7,76,13929.4,114,1,602,512,41
69.95980596542358,992817.6000000001,6749156.0,76,14520.1,114,2,602,512,41
63.18604564666748,1585889.4,9358882.999999998,76,13693.3,114,4,602,512,41
84.32132196426392,2469921.8000000003,11779592.299999999,76,14337.7,114,8,602,512,41
55.64364743232727,459149.30000000005,1345273.4,76,13702.6,114,1,602,512,41
38.5386106967926,697719.2,1759393.7000000002,76,13752.0,114,2,602,512,41
35.9344642162323,1019261.6000000001,2120130.5,76,14186.1,114,4,602,512,41
37.261173248291016,1241834.0,2090716.5,76,14272.8,114,8,602,512,41
117.79293823242188,97357.2,3946731.8,76,13742.4,114,1,300,128,100
58.69999051094055,111571.6,4452333.4,76,13722.8,114,2,300,128,100
43.87454581260681,121589.2,4438577.8,76,13744.1,114,4,300,128,100
33.64875245094299,113192.79999999999,3375858.6,76,13692.3,114,8,300,128,100
112.83526539802551,97361.0,3942612.8,76,13756.0,114,1,300,128,100
54.09095048904419,110989.1,4455617.9,76,13743.4,114,2,300,128,100
44.53734374046326,121514.20000000001,4432926.0,76,14156.8,114,4,300,128,100
32.978870153427124,128690.1,3899216.1,76,13710.4,114,8,300,128,100
114.37658953666687,97594.1,3926167.7,76,14036.8,114,1,300,128,100
54.6457040309906,111102.7,4462459.699999999,76,13761.6,114,2,300,128,100
41.73713946342468,121763.09999999999,4441720.3,76,13761.4,114,4,300,128,100
33.70201802253723,128389.59999999999,3892770.1999999997,76,13703.3,114,8,300,128,100
115.5250346660614,97528.9,3939161.9,76,13756.9,114,1,300,128,100
112.44235968589783,55707.2,2210019.4,76,13735.5,114,2,300,256,100
71.88389301300049,91248.1,3327663.3,76,14105.2,114,4,300,256,100
69.02679014205933,96570.8,2916357.6,76,13726.7,114,8,300,256,100
191.69132614135742,97450.5,3942664.1,76,13729.1,114,1,300,256,100
112.0690267086029,111463.5,4425210.5,76,14334.4,114,2,300,256,100
79.64361333847046,121858.90000000001,4438571.1,76,14326.6,114,4,300,256,100
69.62334370613098,128807.7,3872558.7,76,13706.3,114,8,300,256,100
189.927170753479,97226.1,3946552.3,76,13734.6,114,1,300,256,100
116.27575755119324,111258.79999999999,4449208.0,76,14127.6,114,2,300,256,100
80.4958918094635,91055.29999999999,3307596.1999999997,76,13758.2,114,4,300,256,100
51.85436773300171,96957.7,2962526.5,76,13518.2,114,8,300,256,100
268.289489030838,97237.5,3925469.5,76,13754.4,114,1,300,512,100
165.09645199775696,111285.7,4456160.1,76,13727.6,114,2,300,512,100
133.15411257743835,121457.59999999999,4377832.199999999,76,13712.9,114,4,300,512,100
122.96736311912537,128279.29999999997,3867165.9,76,13685.4,114,8,300,512,100
268.60847997665405,97201.6,3942160.2,76,13711.2,114,1,300,512,100
180.37856316566467,111455.0,4448361.0,76,13733.1,114,2,300,512,100
121.68905448913574,121263.90000000001,4384470.9,76,14126.0,114,4,300,512,100
113.6927855014801,96555.0,3383623.0999999996,76,13699.4,114,8,300,512,100
270.4843888282776,97043.9,3913013.5,76,13766.3,114,1,300,512,100
165.3580286502838,111062.0,4418428.6,76,13782.9,114,2,300,512,100
143.2367935180664,121107.79999999999,4401246.8,76,13722.9,114,4,300,512,100
121.98574542999268,128725.5,3828835.5,76,14035.8,114,8,300,512,100
67.09197187423706,579696.0,1381314.5,76,13707.2,114,1,300,128,100
39.08228611946106,783712.6,1579224.7,76,13711.2,114,2,300,128,100
29.71898078918457,1012073.3,1731621.0000000002,76,13737.9,114,4,300,128,100
34.82963585853577,1241862.6,1836076.5999999999,76,13736.2,114,8,300,128,100
72.32698392868042,834000.7,3153266.9,76,14019.6,114,1,300,128,100
57.131816148757935,1223005.8,4012431.5,76,14161.0,114,2,300,128,100
51.225117206573486,1730806.5,4743218.699999999,76,14151.6,114,4,300,128,100
65.12848043441772,2347985.6999999997,5285342.9,76,13756.9,114,8,300,128,100
63.99509334564209,537475.0,1028812.5000000001,76,13735.5,114,1,300,128,100
35.04299592971802,705742.1000000001,1168220.5,76,13729.3,114,2,300,128,100
26.841453790664673,882761.1,1272226.5,76,13711.9,114,4,300,128,100
31.897632360458374,920983.3999999999,1181562.1,76,14138.5,114,8,300,128,100
67.61631464958191,580647.0,1383059.1,76,13731.6,114,1,300,128,100
71.41016674041748,783033.5,1578649.0999999999,76,13715.1,114,2,300,256,100
47.086241006851196,1015085.7,1739903.9,76,14132.7,114,4,300,256,100
49.49267840385437,933332.0999999999,1611789.9,76,13702.6,114,8,300,256,100
149.54378008842468,836423.5,3170782.6,76,14135.1,114,1,300,256,100
114.40308427810669,1222036.4,4012941.6999999997,76,13774.2,114,2,300,256,100
104.05807709693909,1736064.8000000003,4766550.1,76,13761.6,114,4,300,256,100
100.98850679397583,2355845.8999999994,5317836.299999999,76,14118.5,114,8,300,256,100
105.16133284568787,539929.2,1036537.9,76,13730.8,114,1,300,256,100
67.45024967193604,706805.6,1171763.0,76,13711.2,114,2,300,256,100
41.90199279785156,885717.7000000001,1278624.9000000001,76,14138.5,114,4,300,256,100
50.782344579696655,1052874.6,1346949.5000000002,76,13719.0,114,8,300,256,100
132.6124279499054,580300.2,1380435.2,76,13749.8,114,1,300,512,100
76.06221842765808,782618.7,1578420.0,76,13747.3,114,2,300,512,100
52.75502300262451,1012485.3999999999,1733705.5,76,13744.9,114,4,300,512,100
49.391122579574585,1244793.9,1840568.7999999998,76,13725.9,114,8,300,512,100
177.9429440498352,834703.4999999999,3156348.8000000003,76,13752.8,114,1,300,512,100
112.00831413269043,1221353.6,4006749.0,76,14565.9,114,2,300,512,100
91.54129528999329,1736153.1999999997,4756085.9,76,13738.7,114,4,300,512,100
84.96710968017578,2351297.4,5302986.3,76,13744.9,114,8,300,512,100
133.70279145240784,538444.1000000001,1032287.4,76,13733.8,114,1,300,512,100
75.63872027397156,706874.1,1170545.6,76,13717.5,114,2,300,512,100
49.226901054382324,882299.0,1273084.0,76,14148.4,114,4,300,512,100
44.05558156967163,658492.5,673556.2,76,13701.7,114,8,300,512,100
43.14972233772278,199632.3,8271752.0,76,14159.2,114,1,100,128,47
26.88381290435791,219784.40000000002,6815516.8,76,14360.0,114,2,100,128,47
14.687297344207764,174329.6,3955018.2,76,13735.5,114,4,100,128,47
12.397876024246216,239634.69999999998,4088801.8,76,14766.5,114,8,100,128,47
45.280619621276855,199765.3,8296450.4,76,13845.6,114,1,100,128,47
25.994518280029297,219547.9,6790765.199999999,76,14187.9,114,2,100,128,47
14.364177227020264,232340.09999999998,5253931.399999999,76,14161.0,114,4,100,128,47
11.359151601791382,209647.69999999998,3591460.4000000004,76,14400.6,114,8,100,128,47
41.9614098072052,199108.8,8264623.2,76,13753.7,114,1,100,128,47
25.37984609603882,219708.9,6793636.4,76,13780.4,114,2,100,128,47
15.451870441436768,232414.09999999998,5284996.6,76,14166.0,114,4,100,128,47
11.179222345352173,179733.80000000002,3594366.2,76,13973.8,114,8,100,128,47
46.737569093704224,199597.2,8294973.6,76,13787.6,114,1,100,128,47
31.43772315979004,219726.7,6783390.800000001,76,14185.1,114,2,100,256,47
26.05832076072693,232210.1,5248493.0,76,13709.7,114,4,100,256,47
19.681050062179565,239859.6,3583201.6000000006,76,14786.5,114,8,100,256,47
70.8324556350708,199807.5,8325339.4,76,14380.1,114,1,100,256,47
34.61908030509949,219607.1,6780254.8,76,14345.4,114,2,100,256,47
29.73559331893921,232241.09999999998,5256147.8,76,13708.9,114,4,100,256,47
19.460055112838745,209860.2,3581820.0,76,14623.4,114,8,100,256,47
84.59803819656372,199709.6,8277840.8,76,13919.5,114,1,100,256,47
31.17771339416504,219648.5,6790680.4,76,14173.5,114,2,100,256,47
26.63327121734619,231966.5,5267213.199999999,76,14219.8,114,4,100,256,47
18.97850513458252,239737.49999999997,4093418.1999999997,76,14628.7,114,8,100,256,47
160.52322554588318,199398.5,8277694.0,76,14957.0,114,1,100,512,47
89.88471269607544,219592.1,6797158.2,76,14175.3,114,2,100,512,47
63.075204610824585,232539.3,5239381.0,76,14033.4,114,4,100,512,47
44.50824809074402,239797.09999999998,4120252.6,76,13770.1,114,8,100,512,47
164.40841007232666,199623.6,8280878.4,76,13912.2,114,1,100,512,47
81.6615469455719,219743.9,6813321.4,76,13638.0,114,2,100,512,47
58.26338982582092,232259.7,5270745.199999999,76,13733.2,114,4,100,512,47
44.8343780040741,239952.5,4093079.1999999997,76,14096.1,114,8,100,512,47
159.0015139579773,199394.9,8303400.0,76,13701.8,114,1,100,512,47
90.63510203361511,219725.5,6765653.2,76,13782.9,114,2,100,512,47
50.26460385322571,232413.9,5274744.399999999,76,14202.7,114,4,100,512,47
44.960362911224365,239904.19999999998,4108783.6,76,13802.5,114,8,100,512,47
16.332843780517578,1449090.1,3178803.9,76,14171.1,114,1,100,128,47
13.323589324951172,1916780.5,3483322.4000000004,76,13759.9,114,2,100,128,47
12.078070163726807,2368924.6999999997,3670786.4000000004,76,13703.3,114,4,100,128,47
10.38340449333191,2408572.4,3313583.0000000005,76,13644.3,114,8,100,128,47
35.88460397720337,2418213.1,10197167.8,76,14196.1,114,1,100,128,47
33.44740843772888,3536437.3999999994,12017033.899999999,76,13837.6,114,2,100,128,47
32.76293659210205,4912648.9,13355014.5,76,13681.5,114,4,100,128,47
24.079026222229004,6388668.9,14210128.399999999,76,13997.5,114,8,100,128,47
16.1002836227417,1296152.3,2225938.0999999996,76,14110.2,114,1,100,128,47
12.566413879394531,1652016.2999999998,2427703.0,76,13782.7,114,2,100,128,47
10.641271114349365,1977611.2000000002,2557640.6,76,14034.2,114,4,100,128,47
9.122580766677856,2236674.9,2636686.7,76,13670.6,114,8,100,128,47
15.239861011505127,1446372.3,3173457.7,76,14290.8,114,1,100,128,47
18.09481978416443,1915527.4,3480897.5999999996,76,13752.0,114,2,100,256,47
13.968804597854614,2369366.4000000004,3671744.8,76,13702.4,114,4,100,256,47
13.016501188278198,2402256.3000000003,3308417.3000000003,76,13715.1,114,8,100,256,47
47.73345685005188,2416346.4,10180088.8,76,13778.9,114,1,100,256,47
32.245946645736694,3534658.3,12007408.4,76,13745.8,114,2,100,256,47
35.84229111671448,4911355.600000001,13340429.399999999,76,13728.4,114,4,100,256,47
35.21347236633301,6390286.099999999,14210856.9,76,14197.9,114,8,100,256,47
24.50556445121765,1296123.7999999998,2227004.7,76,13788.4,114,1,100,256,47
17.506662130355835,1655805.0,2432314.9000000004,76,14032.7,114,2,100,256,47
12.725597381591797,1484703.2,1921253.6,76,13737.7,114,4,100,256,47
12.497227191925049,1953785.2,2304712.4000000004,76,14164.4,114,8,100,256,47
67.48921608924866,1448486.3,3177930.5000000005,76,13689.2,114,1,100,512,47
33.773181438446045,1915283.0,3479778.5,76,13744.9,114,2,100,512,47
24.69300079345703,2372131.6999999997,3674188.3000000003,76,13862.4,114,4,100,512,47
20.887483596801758,2747557.3,3783508.9000000004,76,14157.6,114,8,100,512,47
113.16415691375732,2417940.6,10188561.899999999,76,13700.9,114,1,100,512,47
66.42363166809082,3538623.9000000004,12022194.4,76,14057.4,114,2,100,512,47
49.75194501876831,4907046.9,13333705.400000002,76,13722.9,114,4,100,512,47
50.07900333404541,6387307.0,14195894.499999998,76,13676.7,114,8,100,512,47
66.8896734714508,1298705.4,2231208.4,76,14124.2,114,1,100,512,47
37.62318992614746,1656132.8,2430565.9,76,14296.7,114,2,100,512,47
24.32303738594055,1981127.5,2560666.4,76,14157.6,114,4,100,512,47
19.403950452804565,2236176.9,2636689.2,76,13690.7,114,8,100,512,47
2.031552791595459,59130.3,557985.0,76,13836.1,114,1,500,128,7
1.6235716342926025,86629.6,757652.2,76,13843.9,114,2,500,128,7
2.023569345474243,114100.7,893882.6000000001,76,13803.5,114,4,500,128,7
1.9899473190307617,138544.0,946863.0,76,13703.3,114,8,500,128,7
2.6015217304229736,59197.7,558595.6,76,13808.2,114,1,500,128,7
2.203411340713501,86524.4,756176.4,76,13819.2,114,2,500,128,7
1.9706571102142334,114097.9,893563.2,76,13820.2,114,4,500,128,7
1.98209547996521,138784.3,947693.6000000001,76,13781.4,114,8,500,128,7
2.6683645248413086,59198.0,558902.4,76,13835.9,114,1,500,128,7
2.270383834838867,86585.4,757251.6000000001,76,13828.1,114,2,500,128,7
2.105563163757324,114076.5,893196.7999999999,76,13783.5,114,4,500,128,7
1.9369275569915771,138630.30000000002,948352.4,76,13781.2,114,8,500,128,7
2.694079875946045,59298.0,559886.6,76,13855.2,114,1,500,128,7
5.828519344329834,86632.1,757428.3999999999,76,13815.4,114,2,500,256,7
3.3127501010894775,114150.20000000001,893471.0,76,13833.6,114,4,500,256,7
3.4377338886260986,138631.4,948631.8,76,13799.5,114,8,500,256,7
7.37983512878418,59252.7,559275.0,76,13820.2,114,1,500,256,7
5.296119213104248,86552.9,756565.8,76,13827.9,114,2,500,256,7
3.2995247840881348,114264.2,894523.7999999999,76,13836.1,114,4,500,256,7
3.4118781089782715,138605.0,947559.0,76,13829.7,114,8,500,256,7
7.5695717334747314,59120.9,557945.4,76,13864.9,114,1,500,256,7
5.362262010574341,86792.29999999999,758877.0,76,14161.0,114,2,500,256,7
3.3512816429138184,114061.6,893202.0000000001,76,13837.6,114,4,500,256,7
3.4977400302886963,138539.2,947283.8,76,13807.5,114,8,500,256,7
12.275984048843384,59231.8,558989.6,76,13821.7,114,1,500,512,7
8.926464557647705,86614.5,757427.8,76,13804.2,114,2,500,512,7
6.315721750259399,114065.0,893952.2,76,13836.9,114,4,500,512,7
6.263622045516968,138536.2,945841.6,76,13771.0,114,8,500,512,7
12.137542486190796,59227.1,559051.0,76,13893.0,114,1,500,512,7
9.980904579162598,86585.0,756752.8,76,13777.2,114,2,500,512,7
7.073699951171875,114068.5,893404.7999999999,76,13821.7,114,4,500,512,7
6.295588254928589,138614.09999999998,947634.4,76,13795.4,114,8,500,512,7
11.511849880218506,59121.7,558090.0,76,14147.6,114,1,500,512,7
9.344084024429321,86603.3,757389.6000000001,76,13801.8,114,2,500,512,7
6.646498918533325,114223.70000000001,894908.2,76,13837.6,114,4,500,512,7
6.227678537368774,121168.1,828371.8,76,14111.7,114,8,500,512,7
2.8988404273986816,239452.2,637545.2,76,13794.6,114,1,500,128,7
2.9310595989227295,377098.9,907785.1000000001,76,13800.3,114,2,500,128,7
2.5255517959594727,573504.3,1191047.4000000001,76,13836.9,114,4,500,128,7
3.178495407104492,724833.5,1448406.3000000003,76,13739.4,114,8,500,128,7
3.6013729572296143,272402.8,840999.2000000001,76,13828.9,114,1,500,128,7
3.109248161315918,446173.5,1292954.6,76,13812.2,114,2,500,128,7
3.139261484146118,706893.5,1840069.2999999998,76,13815.2,114,4,500,128,7
4.111438512802124,951318.6000000001,2108956.4,76,13913.0,114,8,500,128,7
2.892683982849121,238041.60000000003,580985.2000000001,76,13827.4,114,1,500,128,7
2.506941080093384,372095.19999999995,811419.5,76,14136.7,114,2,500,128,7
2.565613031387329,554329.9,1042041.1000000001,76,13748.1,114,4,500,128,7
2.9154117107391357,780950.4000000001,1253441.8,76,14110.2,114,8,500,128,7
3.1360647678375244,239611.1,638020.6,76,13816.2,114,1,500,128,7
4.978598594665527,377199.3,907783.8,76,13806.7,114,2,500,256,7
3.9023618698120117,573508.2,1190617.9,76,13787.4,114,4,500,256,7
3.892704486846924,829310.0000000001,1450264.7,76,13789.1,114,8,500,256,7
6.682371377944946,272584.3,841545.7,76,13880.0,114,1,500,256,7
5.480326414108276,446553.3,1294402.6,76,13815.4,114,2,500,256,7
4.789719104766846,707115.2,1840992.9,76,13834.4,114,4,500,256,7
5.01264214515686,950000.7000000001,2104499.9999999995,76,13777.2,114,8,500,256,7
5.777846574783325,238302.6,581747.7,76,13805.0,114,1,500,256,7
4.321802854537964,371998.8,811223.6000000001,76,13819.4,114,2,500,256,7
3.596165418624878,554568.3999999999,1042570.2000000002,76,13859.4,114,4,500,256,7
3.6708078384399414,586110.2,940938.2000000001,76,13782.7,114,8,500,256,7
9.021852016448975,239783.1,638802.1,76,13835.2,114,1,500,512,7
6.313563346862793,377152.6,907715.8,76,13815.4,114,2,500,512,7
4.544434547424316,573604.1000000001,1191470.5,76,13800.3,114,4,500,512,7
4.688389539718628,828425.0999999999,1448413.2999999998,76,13748.1,114,8,500,512,7
9.849997997283936,272448.5,841152.6,76,13838.4,114,1,500,512,7
7.134682655334473,446307.1,1293664.2,76,13796.3,114,2,500,512,7
5.878224849700928,529852.7999999999,1379166.1,76,13819.2,114,4,500,512,7
5.792073011398315,951312.2,2410865.1,76,14148.4,114,8,500,512,7
8.69253420829773,238208.80000000002,581355.7000000001,76,13895.3,114,1,500,512,7
6.2559850215911865,371698.7,810244.5,76,13795.4,114,2,500,512,7
4.946073055267334,554630.9,1042966.9,76,13824.1,114,4,500,512,7
4.270172357559204,780014.4999999999,1251765.4,76,13782.7,114,8,500,512,7
