116.46317744255066,110887.7,69432517.4,32,15585.4,48,1,602,128,41
74.39715957641602,151301.4,87677753.8,32,15798.7,48,2,602,128,41
57.10434532165527,186862.6,90373725.19999999,32,15845.7,48,4,602,128,41
30.490107774734497,213519.1,77451039.0,32,16107.4,48,8,602,128,41
112.80769228935242,110892.0,69259935.4,32,15469.8,48,1,602,128,41
69.43818068504333,151281.0,87804253.0,32,15573.4,48,2,602,128,41
57.01460838317871,186684.8,90912696.39999999,32,15758.4,48,4,602,128,41
29.64727020263672,213439.49999999997,77785751.2,32,16075.0,48,8,602,128,41
117.93682670593262,111060.6,69405976.4,32,16058.9,48,1,602,128,41
69.15436959266663,151304.1,87535490.80000001,32,15038.5,48,2,602,128,41
57.44488739967346,186929.0,90807490.0,32,15045.0,48,4,602,128,41
30.08940625190735,213507.6,77723958.8,32,16078.3,48,8,602,128,41
116.52241086959839,110960.3,69327647.2,32,15584.5,48,1,602,128,41
78.49405479431152,151207.8,87560108.0,32,15595.6,48,2,602,256,41
60.39447999000549,186668.40000000002,90583090.0,32,15554.1,48,4,602,256,41
35.65165972709656,213593.8,78091401.0,32,15820.6,48,8,602,256,41
122.68896889686584,110883.6,69126635.8,32,16098.7,48,1,602,256,41
87.0323715209961,151296.8,87314303.6,32,15575.3,48,2,602,256,41
59.504645586013794,186765.40000000002,90069948.0,32,15481.9,48,4,602,256,41
34.27325224876404,213647.90000000002,77552749.2,32,16346.5,48,8,602,256,41
125.08304238319397,110973.8,69399863.8,32,16087.9,48,1,602,256,41
85.47048878669739,151484.5,87512024.19999999,32,15156.3,48,2,602,256,41
59.92113542556763,186836.2,90681548.4,32,15580.4,48,4,602,256,41
35.807610750198364,213385.1,77433928.2,32,16099.9,48,8,602,256,41
145.8191158771515,111044.2,69251568.4,32,15587.4,48,1,602,512,41
97.07272410392761,151222.5,87743986.4,32,15467.9,48,2,602,512,41
74.51054072380066,186953.2,90509224.6,32,16249.1,48,4,602,512,41
55.98079442977905,213362.1,77858577.80000001,32,15466.9,48,8,602,512,41
148.1627914905548,110901.7,69179971.8,32,15063.9,48,1,602,512,41
99.24215650558472,151367.4,87590180.2,32,16106.4,48,2,602,512,41
76.44125819206238,186951.0,90961924.60000001,32,15631.2,48,4,602,512,41
54.97621035575867,213743.80000000002,77481815.2,32,16105.4,48,8,602,512,41
147.38461470603943,110981.4,69318918.8,32,16065.3,48,1,602,512,41
97.82919478416443,151214.90000000002,87693150.8,32,15604.8,48,2,602,512,41
69.12612962722778,140312.8,67993980.0,32,15472.9,48,4,602,512,41
56.29482889175415,213733.90000000002,77523714.2,32,16347.5,48,8,602,512,41
8.421972274780273,232252.90000000002,576194.6,32,15793.8,48,1,602,128,41
7.462930202484131,329116.5,625006.6,32,15622.9,48,2,602,128,41
6.581904411315918,435757.10000000003,655176.4,32,15609.9,48,4,602,128,41
7.457423210144043,534876.9,672540.2,32,15026.4,48,8,602,128,41
6.600674629211426,214807.2,398438.5,32,16214.0,48,1,602,128,41
6.108653545379639,289972.1,431189.30000000005,32,15595.6,48,2,602,128,41
5.891338348388672,365319.7,451115.30000000005,32,15051.6,48,4,602,128,41
6.15526008605957,428723.29999999993,462392.5,32,16109.7,48,8,602,128,41
6.873068332672119,201985.3,553790.9,32,15633.1,48,1,602,128,41
6.189844369888306,288950.3,582233.0,32,15603.6,48,2,602,128,41
7.095511198043823,382870.5,598250.6000000001,32,15916.2,48,4,602,128,41
6.556278467178345,466890.89999999997,606630.6,32,16074.0,48,8,602,128,41
7.591148853302002,232340.6,576266.4,32,16089.9,48,1,602,128,41
8.655264616012573,329182.6,625119.7,32,15643.3,48,2,602,256,41
9.064608812332153,435770.80000000005,655154.7,32,15608.6,48,4,602,256,41
9.375015258789062,534884.7999999999,672252.2000000002,32,16111.8,48,8,602,256,41
9.221719741821289,214678.2,398320.0,32,15550.3,48,1,602,256,41
7.911776304244995,289777.1,430627.1,32,15024.4,48,2,602,256,41
7.48760461807251,364925.4,450946.1,32,15620.8,48,4,602,256,41
8.365294218063354,374994.6,462254.8,32,16084.8,48,8,602,256,41
7.700412273406982,202044.0,554098.7999999999,32,15868.7,48,1,602,256,41
8.243388652801514,288945.80000000005,582400.3,32,15560.2,48,2,602,256,41
8.694713115692139,382562.0,597995.5,32,15647.2,48,4,602,256,41
9.583893299102783,409129.30000000005,531579.2999999999,32,16108.4,48,8,602,256,41
14.200512170791626,232359.7,575923.9,32,15566.2,48,1,602,512,41
12.330928802490234,328445.7,623868.8999999999,32,15607.7,48,2,602,512,41
12.6606605052948,436152.9,655323.5,32,15615.9,48,4,602,512,41
14.985738515853882,535074.6,672718.3,32,16116.2,48,8,602,512,41
13.411074161529541,214898.5,398704.3,32,16141.0,48,1,602,512,41
10.952642917633057,289728.3,430759.9,32,15065.7,48,2,602,512,41
12.212943077087402,364805.5,450533.7,32,15609.9,48,4,602,512,41
11.730901718139648,321571.8,346808.60000000003,32,15466.0,48,8,602,512,41
12.597769498825073,202100.1,555179.5,32,15632.2,48,1,602,512,41
10.164463996887207,288842.4,581636.8,32,15609.9,48,2,602,512,41
12.856448888778687,382701.7,448237.1,32,15587.4,48,4,602,512,41
12.696985244750977,467320.5,606643.7999999999,32,16086.8,48,8,602,512,41
38.662397146224976,97562.2,3938691.2,32,15046.2,48,1,300,128,100
18.159531831741333,111287.29999999999,4460358.3,32,15615.7,48,2,300,128,100
13.188276052474976,121476.79999999999,4444444.0,32,15659.6,48,4,300,128,100
12.449309825897217,128918.20000000001,3881387.6,32,15594.4,48,8,300,128,100
38.294644594192505,97120.8,3914411.4,32,15554.1,48,1,300,128,100
18.48919653892517,111383.79999999999,4489224.0,32,15580.4,48,2,300,128,100
12.835768699645996,91082.8,4440907.6,32,15811.4,48,4,300,128,100
11.831225395202637,128565.89999999998,3892725.5,32,15609.9,48,8,300,128,100
38.7841272354126,97629.2,3962547.6,32,15191.0,48,1,300,128,100
16.52342391014099,110881.79999999999,4465006.6,32,15583.5,48,2,300,128,100
12.898399353027344,122227.40000000001,4499616.8,32,15037.4,48,4,300,128,100
12.405482292175293,128503.29999999999,3848800.2999999993,32,15577.5,48,8,300,128,100
31.33349061012268,97177.8,3940143.0,32,15041.2,48,1,300,128,100
19.957780599594116,111448.1,4461127.1,32,15594.6,48,2,300,256,100
19.108154773712158,121451.2,4427128.399999999,32,15069.6,48,4,300,256,100
16.809842109680176,129280.40000000001,3859157.4000000004,32,15598.7,48,8,300,256,100
49.34727644920349,97494.9,3930754.5,32,15044.1,48,1,300,256,100
23.843990087509155,111416.1,4469411.300000001,32,15587.4,48,2,300,256,100
17.021650791168213,91491.4,4452908.5,32,15047.1,48,4,300,256,100
16.431467056274414,112837.5,3891824.8,32,15635.1,48,8,300,256,100
53.840312480926514,97507.0,3933775.6,32,15596.6,48,1,300,256,100
19.89679527282715,111238.1,4483996.5,32,16155.0,48,2,300,256,100
17.74300765991211,121686.00000000001,4423255.6,32,15612.8,48,4,300,256,100
16.32061243057251,129188.7,3848145.3000000003,32,15045.0,48,8,300,256,100
69.49527788162231,97210.6,3936460.8,32,15616.9,48,1,300,512,100
48.001384258270264,111571.3,4474339.5,32,15041.4,48,2,300,512,100
38.15373253822327,121566.6,4432644.6,32,15053.6,48,4,300,512,100
27.519322633743286,128695.3,3859724.0999999996,32,15633.1,48,8,300,512,100
69.73526954650879,97263.5,3930991.5,32,15621.0,48,1,300,512,100
41.46862030029297,110985.6,4433940.6,32,15060.1,48,2,300,512,100
33.93655800819397,121120.9,4401804.1,32,15822.8,48,4,300,512,100
25.725582361221313,128526.5,3856424.9000000004,32,15602.6,48,8,300,512,100
67.8505027294159,97631.4,3946243.2,32,15610.8,48,1,300,512,100
43.70325994491577,111543.7,4506952.9,32,15605.7,48,2,300,512,100
34.495362997055054,121465.2,4431418.799999999,32,15605.7,48,4,300,512,100
26.91011667251587,128974.09999999999,3853693.5,32,15571.2,48,8,300,512,100
17.623891592025757,212834.2,319582.5,32,15592.4,48,1,300,128,100
12.066888570785522,249711.1,328206.3,32,15640.2,48,2,300,128,100
10.187891960144043,284080.1,339813.0,32,15601.6,48,4,300,128,100
11.373587369918823,305399.89999999997,254833.40000000002,32,15048.0,48,8,300,128,100
15.848790645599365,182471.1,236807.8,32,15592.4,48,1,300,128,100
10.945021390914917,209036.8,245020.59999999998,32,15589.6,48,2,300,128,100
9.24058485031128,114787.9,187522.3,32,15610.8,48,4,300,128,100
7.692722797393799,244806.19999999998,252868.5,32,15641.4,48,8,300,128,100
15.313691139221191,190895.30000000002,295584.2,32,15194.7,48,1,300,128,100
10.730794429779053,225696.90000000002,304363.0,32,15649.4,48,2,300,128,100
9.714454889297485,254290.99999999997,309266.7,32,15620.8,48,4,300,128,100
10.209482431411743,241105.5,273107.60000000003,32,15635.1,48,8,300,128,100
15.854775428771973,212617.2,319373.5,32,15583.5,48,1,300,128,100
15.528465747833252,251284.6,330606.0,32,15594.6,48,2,300,256,100
15.183938026428223,281885.4,336116.6,32,15063.0,48,4,300,256,100
13.234416961669922,266449.4,296735.89999999997,32,15624.2,48,8,300,256,100
18.71654224395752,183650.2,239211.0,32,15620.8,48,1,300,256,100
13.640737771987915,210053.09999999998,246290.09999999998,32,15588.6,48,2,300,256,100
12.538630723953247,172029.0,125240.0,32,15769.8,48,4,300,256,100
10.939944744110107,245301.4,253428.19999999998,32,15624.9,48,8,300,256,100
19.17737627029419,191342.5,296493.4,32,15045.0,48,1,300,256,100
15.007364988327026,226134.2,304181.6,32,15582.6,48,2,300,256,100
14.459194660186768,254857.69999999998,310256.7,32,15605.7,48,4,300,256,100
12.487427473068237,274778.9,311190.3,32,15450.1,48,8,300,256,100
26.272796869277954,212963.19999999998,319945.69999999995,32,15608.9,48,1,300,512,100
12.284787654876709,251154.80000000002,330883.8,32,15457.9,48,2,300,512,100
11.667533159255981,282608.9,337390.30000000005,32,15034.9,48,4,300,512,100
11.418675184249878,305961.9,341191.1,32,15578.2,48,8,300,512,100
22.515516996383667,182589.2,237131.0,32,15605.7,48,1,300,512,100
10.96323561668396,209864.09999999998,246081.8,32,15047.1,48,2,300,512,100
9.751577854156494,230490.5,250412.5,32,15588.6,48,4,300,512,100
8.86043381690979,245473.09999999998,253683.0,32,15724.2,48,8,300,512,100
23.59127426147461,191461.40000000002,297402.69999999995,32,15614.9,48,1,300,512,100
10.586904525756836,224984.8,302838.60000000003,32,15650.4,48,2,300,512,100
9.534853458404541,254206.5,309394.5,32,15578.2,48,4,300,512,100
10.1460599899292,275884.7,312251.6,32,15043.2,48,8,300,512,100
28.741506576538086,199564.9,8314020.6,32,15610.8,48,1,100,128,47
10.173261642456055,219702.7,6797069.800000001,32,16091.2,48,2,100,128,47
8.576040267944336,232497.4,5268957.0,32,15573.4,48,4,100,128,47
5.3967604637146,239806.6,4099250.4,32,16066.3,48,8,100,128,47
26.828269004821777,199841.9,8302360.6,32,15602.6,48,1,100,128,47
12.392656564712524,219481.0,6811160.199999999,32,16092.2,48,2,100,128,47
8.157712459564209,232569.1,5279631.0,32,15570.3,48,4,100,128,47
5.650155544281006,209970.1,3594698.4000000004,32,15571.2,48,8,100,128,47
25.66726565361023,199845.7,8292564.0,32,15576.3,48,1,100,128,47
11.140935897827148,219582.8,6766754.800000001,32,16081.4,48,2,100,128,47
7.978931188583374,232451.6,5267977.2,32,16101.0,48,4,100,128,47
5.528796195983887,239619.1,4082783.0000000005,32,15598.7,48,8,100,128,47
28.769117832183838,199353.9,8295696.6,32,15560.2,48,1,100,128,47
15.314916849136353,219596.7,6780899.4,32,16040.7,48,2,100,256,47
12.1215660572052,232459.0,5265521.4,32,15463.8,48,4,100,256,47
7.628446578979492,209750.7,3570928.4,32,15454.8,48,8,100,256,47
34.67232656478882,199515.8,8280219.4,32,15619.1,48,1,100,256,47
14.558494567871094,219699.0,6797764.8,32,15078.2,48,2,100,256,47
11.806247472763062,174231.6,5255377.2,32,15642.4,48,4,100,256,47
7.065201997756958,149877.40000000002,2561937.0,32,16054.5,48,8,100,256,47
35.07729434967041,199451.2,8293019.2,32,15570.3,48,1,100,256,47
14.471269369125366,219750.0,6781811.6,32,15619.8,48,2,100,256,47
10.401041984558105,232378.30000000002,5276554.600000001,32,15465.0,48,4,100,256,47
7.337175607681274,239641.9,4104378.0000000005,32,16090.9,48,8,100,256,47
48.16226291656494,199083.6,8252306.8,32,15600.7,48,1,100,512,47
22.775329113006592,219528.4,6815310.2,32,15588.6,48,2,100,512,47
19.36814045906067,232208.9,5270883.399999999,32,15608.9,48,4,100,512,47
15.999886274337769,239912.3,4089750.6,32,16076.0,48,8,100,512,47
47.30415177345276,199375.7,8271425.2,32,15578.5,48,1,100,512,47
22.964404344558716,219569.2,6792603.4,32,15599.7,48,2,100,512,47
17.42728352546692,232314.2,5269372.199999999,32,15455.0,48,4,100,512,47
15.736461877822876,209931.9,4112265.0,32,16259.1,48,8,100,512,47
47.6352322101593,199455.8,8290692.2,32,15592.4,48,1,100,512,47
24.43547296524048,219830.3,6801309.4,32,16074.0,48,2,100,512,47
18.88414978981018,232378.09999999998,5274592.199999999,32,15599.7,48,4,100,512,47
15.89571762084961,239901.7,4108324.2,32,16059.9,48,8,100,512,47
5.2287445068359375,492442.80000000005,663606.3,32,15572.4,48,1,100,128,47
4.007545709609985,569297.6,679699.7,32,15606.7,48,2,100,128,47
3.370636224746704,622920.2,688486.8,32,15590.5,48,4,100,128,47
2.943476438522339,576359.8999999999,694270.9,32,15584.5,48,8,100,128,47
5.023507595062256,400153.5,459449.2,32,15600.7,48,1,100,128,47
3.3493058681488037,449159.7,470524.19999999995,32,15019.7,48,2,100,128,47
2.848543882369995,482968.8,476885.0,32,15816.4,48,4,100,128,47
2.5127625465393066,440174.49999999994,419881.49999999994,32,16092.2,48,8,100,128,47
5.083587408065796,427607.9,592347.7999999999,32,15626.1,48,1,100,128,47
3.941484212875366,490645.10000000003,601242.8,32,15600.7,48,2,100,128,47
3.176586151123047,534525.2,605891.7,32,15578.2,48,4,100,128,47
2.7223823070526123,562018.7999999999,607984.7,32,16131.2,48,8,100,128,47
5.737953424453735,491937.3,662628.0,32,15622.9,48,1,100,128,47
4.7521467208862305,569057.0,680058.6,32,15600.7,48,2,100,256,47
3.7188093662261963,623326.3,688802.8,32,16104.1,48,4,100,256,47
3.40567684173584,658775.0,694185.0,32,15451.0,48,8,100,256,47
7.711209297180176,400201.1,459324.0,32,15616.9,48,1,100,256,47
4.10638689994812,449412.80000000005,470459.8,32,15623.9,48,2,100,256,47
3.345214605331421,482702.1,476650.3,32,16112.6,48,4,100,256,47
3.3467419147491455,439924.10000000003,479639.89999999997,32,16067.6,48,8,100,256,47
5.454699754714966,427973.1,591701.2,32,15619.1,48,1,100,256,47
3.877387285232544,490805.69999999995,601541.6000000001,32,15619.1,48,2,100,256,47
3.1968274116516113,533990.1,605374.7,32,15585.2,48,4,100,256,47
3.029487133026123,492329.0,456621.3,32,16056.8,48,8,100,256,47
11.673024415969849,492537.60000000003,663244.2999999999,32,15795.8,48,1,100,512,47
7.122523784637451,568286.9,679507.6000000001,32,15585.4,48,2,100,512,47
4.653769016265869,623107.3,516641.5,32,15452.9,48,4,100,512,47
4.289322137832642,576169.8,433716.10000000003,32,15469.1,48,8,100,512,47
10.620620727539062,400508.0,460181.2,32,15021.7,48,1,100,512,47
7.414992094039917,448966.3,470481.9,32,15608.6,48,2,100,512,47
4.054035425186157,482774.3,476641.69999999995,32,15608.6,48,4,100,512,47
4.031727075576782,503217.19999999995,480150.1,32,16082.5,48,8,100,512,47
8.260315418243408,427702.6,592268.1000000001,32,15026.4,48,1,100,512,47
4.460914611816406,490302.2,600838.9,32,15629.0,48,2,100,512,47
3.5373029708862305,534270.0,605493.0,32,16121.6,48,4,100,512,47
3.3896350860595703,562152.0,532215.0,32,16066.5,48,8,100,512,47
1.1813976764678955,59169.7,558472.4,32,15748.1,48,1,500,128,7
1.0716094970703125,86706.4,758764.8,32,15602.6,48,2,500,128,7
1.0666184425354004,114268.80000000002,895299.4,32,15767.6,48,4,500,128,7
1.205761432647705,138432.59999999998,945823.9999999999,32,15802.0,48,8,500,128,7
1.1081223487854004,59252.1,559191.6,32,15571.2,48,1,500,128,7
1.0818336009979248,86731.6,758957.0,32,15577.5,48,2,500,128,7
1.1180384159088135,113951.09999999999,892127.0,32,15059.4,48,4,500,128,7
1.2528495788574219,138438.1,946317.7999999999,32,15616.9,48,8,500,128,7
1.1815354824066162,59128.2,558079.4,32,15038.5,48,1,500,128,7
1.0540711879730225,86658.9,757925.2,32,15572.4,48,2,500,128,7
1.1121594905853271,114104.9,894092.4,32,15593.7,48,4,500,128,7
1.2308142185211182,138467.1,947047.4,32,15593.7,48,8,500,128,7
1.2653436660766602,59261.4,559156.8,32,15588.6,48,1,500,128,7
2.040856122970581,86585.3,757406.2,32,15629.0,48,2,500,256,7
1.5438742637634277,114090.79999999999,893794.7999999999,32,15610.8,48,4,500,256,7
1.6862115859985352,138387.0,946201.0,32,15589.6,48,8,500,256,7
2.4764323234558105,59162.6,558720.8,32,15586.4,48,1,500,256,7
2.111206531524658,86606.7,757509.6,32,15777.0,48,2,500,256,7
1.5655105113983154,114021.6,893508.8,32,15576.3,48,4,500,256,7
1.5145800113677979,138510.09999999998,946884.7999999999,32,15685.3,48,8,500,256,7
2.4630126953125,59210.4,559144.4,32,15604.5,48,1,500,256,7
2.10475754737854,86525.20000000001,756730.8,32,15604.8,48,2,500,256,7
1.5227720737457275,114221.29999999999,895053.2,32,15594.6,48,4,500,256,7
1.7569494247436523,138368.3,827886.4,32,15576.3,48,8,500,256,7
3.9189155101776123,59193.8,558429.0,32,15607.9,48,1,500,512,7
3.575376510620117,86719.0,758558.2,32,15042.3,48,2,500,512,7
3.2302372455596924,85551.1,670458.0,32,15008.5,48,4,500,512,7
2.9836905002593994,103773.7,828445.2,32,15755.2,48,8,500,512,7
3.953855276107788,59173.8,558367.8,32,15024.4,48,1,500,512,7
3.7611820697784424,86601.7,756749.2,32,15011.4,48,2,500,512,7
3.320429801940918,114095.20000000001,893861.0,32,15041.4,48,4,500,512,7
3.2120232582092285,138662.1,948403.6000000001,32,15032.0,48,8,500,512,7
4.048336029052734,59252.4,559441.0,32,15572.4,48,1,500,512,7
3.4543263912200928,86630.9,756935.3999999999,32,15031.1,48,2,500,512,7
3.163750171661377,85540.5,669968.6000000001,32,15655.7,48,4,500,512,7
3.1095306873321533,138505.09999999998,947533.2,32,15569.1,48,8,500,512,7
1.172814130783081,117004.6,227887.2,32,15568.3,48,1,500,128,7
1.0567450523376465,164754.09999999998,264789.6,32,15564.2,48,2,500,128,7
1.1006882190704346,216512.2,295430.5,32,15602.8,48,4,500,128,7
1.1886098384857178,264975.0,320125.0,32,15874.2,48,8,500,128,7
1.0237963199615479,110760.0,193695.3,32,15820.6,48,1,500,128,7
0.9645047187805176,150233.0,220039.6,32,15038.5,48,2,500,128,7
1.0754194259643555,190280.7,241260.3,32,15603.6,48,4,500,128,7
1.0275523662567139,226964.00000000003,258441.3,32,15063.9,48,8,500,128,7
1.1524572372436523,111086.4,223279.4,32,15569.3,48,1,500,128,7
1.0032932758331299,160623.7,264029.6,32,15573.4,48,2,500,128,7
1.15065336227417,215271.9,298207.4,32,15014.1,48,4,500,128,7
1.2642078399658203,234006.59999999998,285891.4,32,15400.4,48,8,500,128,7
1.117448091506958,116906.0,227808.5,32,15555.1,48,1,500,128,7
1.413273572921753,164870.6,264912.19999999995,32,15591.7,48,2,500,256,7
1.4940659999847412,216435.40000000002,295247.1,32,15562.1,48,4,500,256,7
1.5862820148468018,232109.7,280400.4,32,15016.1,48,8,500,256,7
1.496408462524414,110879.3,193810.69999999998,32,15568.3,48,1,500,256,7
1.3413057327270508,150281.0,220198.0,32,15008.5,48,2,500,256,7
1.2983176708221436,190559.30000000002,241668.8,32,15576.3,48,4,500,256,7
1.3082034587860107,227164.90000000002,258709.20000000004,32,15610.8,48,8,500,256,7
1.6440601348876953,111142.2,223335.80000000002,32,15029.1,48,1,500,256,7
1.3827579021453857,160443.2,263458.1,32,15589.3,48,2,500,256,7
1.6232736110687256,215328.80000000002,298384.30000000005,32,15578.5,48,4,500,256,7
1.722954273223877,267747.2,326890.99999999994,32,15028.2,48,8,500,256,7
2.1971938610076904,117121.4,228327.40000000002,32,15017.9,48,1,500,512,7
1.1869573593139648,164780.2,264755.3,32,15566.2,48,2,500,512,7
1.1233210563659668,216569.6,295518.69999999995,32,15561.1,48,4,500,512,7
1.2200920581817627,232162.39999999997,320043.6,32,15032.0,48,8,500,512,7
1.889256238937378,110745.4,193655.7,32,15564.2,48,1,500,512,7
1.1930758953094482,150228.0,220142.8,32,15611.8,48,2,500,512,7
1.1391000747680664,190405.09999999998,241415.9,32,15022.6,48,4,500,512,7
1.19077730178833,226953.3,258664.6,32,15623.9,48,8,500,512,7
1.9935917854309082,110992.9,222845.6,32,15017.6,48,1,500,512,7
1.1531391143798828,160438.09999999998,263504.9,32,15569.3,48,2,500,512,7
1.1785368919372559,215197.6,298100.7,32,15038.5,48,4,500,512,7
1.134239912033081,267723.3,327159.4,32,15011.4,48,8,500,512,7
111.93001341819763,110887.1,69386117.4,32,16085.8,48,1,602,128,41
73.45072603225708,151156.5,87892757.8,32,15606.7,48,2,602,128,41
57.896411418914795,186728.90000000002,90863938.60000001,32,15604.5,48,4,602,128,41
29.946613311767578,186853.5,68221803.6,32,16118.2,48,8,602,128,41
118.16422629356384,110866.4,69247961.8,32,15447.0,48,1,602,128,41
69.80209589004517,151296.09999999998,87672659.4,32,15615.7,48,2,602,128,41
56.51639986038208,186688.0,90577122.60000001,32,15603.6,48,4,602,128,41
29.687495231628418,213566.00000000003,77459548.99999999,32,16307.8,48,8,602,128,41
115.90317797660828,110990.1,69362426.4,32,16230.5,48,1,602,128,41
79.70967769622803,151284.90000000002,87414448.4,32,15590.5,48,2,602,128,41
57.00873804092407,186899.69999999998,90856740.99999999,32,15655.7,48,4,602,128,41
29.528547763824463,213655.2,77578648.4,32,15856.2,48,8,602,128,41
117.67567014694214,110940.1,69413973.6,32,15649.4,48,1,602,128,41
90.11221361160278,151348.0,87550400.4,32,15859.2,48,2,602,256,41
63.33339333534241,186595.3,90923442.80000001,32,16324.2,48,4,602,256,41
37.86450457572937,213639.5,77478815.2,32,16088.9,48,8,602,256,41
123.09958505630493,111051.9,69415436.8,32,15612.8,48,1,602,256,41
89.21090269088745,151314.2,87447453.19999999,32,15461.0,48,2,602,256,41
61.27914786338806,186950.3,90639442.60000001,32,15785.4,48,4,602,256,41
33.824946641922,213479.1,77739077.20000002,32,16075.0,48,8,602,256,41
127.19464254379272,110944.6,69465538.2,32,15843.8,48,1,602,256,41
88.47292852401733,151246.3,87340523.8,32,15812.4,48,2,602,256,41
64.93779492378235,186754.3,90735769.0,32,15612.8,48,4,602,256,41
36.344374656677246,213477.8,77716265.2,32,16059.1,48,8,602,256,41
150.31644678115845,110755.6,69268331.4,32,15660.9,48,1,602,512,41
108.56508755683899,151313.3,87677085.6,32,15839.3,48,2,602,512,41
79.6461410522461,186745.1,90869949.6,32,15490.0,48,4,602,512,41
60.45264554023743,213521.3,77357542.2,32,15424.3,48,8,602,512,41
151.45874404907227,111003.6,69402937.0,32,15595.6,48,1,602,512,41
102.49722576141357,151254.8,87392787.2,32,15614.9,48,2,602,512,41
79.8744261264801,186928.3,90830783.60000001,32,16075.0,48,4,602,512,41
59.01425647735596,213716.5,77833223.0,32,16094.3,48,8,602,512,41
145.36123871803284,110981.7,69267389.6,32,16110.8,48,1,602,512,41
99.41634440422058,151069.4,87418819.4,32,15656.5,48,2,602,512,41
79.51784133911133,186705.9,90545784.4,32,15057.4,48,4,602,512,41
61.093751430511475,213460.6,77716203.4,32,15472.9,48,8,602,512,41
6.181957721710205,232323.2,575754.2000000001,32,15053.6,48,1,602,128,41
6.694566965103149,329138.1,624970.3,32,15648.4,48,2,602,128,41
6.446578741073608,435760.8,655475.4,32,15609.6,48,4,602,128,41
6.573634147644043,334430.4,420498.50000000006,32,15452.9,48,8,602,128,41
5.836766481399536,214444.0,397898.7,32,16180.2,48,1,602,128,41
5.418299674987793,290231.80000000005,431513.4,32,15809.4,48,2,602,128,41
6.178837060928345,365196.2,450873.1,32,15067.8,48,4,602,128,41
5.8094706535339355,321633.7,404864.0,32,16106.4,48,8,602,128,41
5.803194999694824,202247.19999999998,554527.1,32,15671.8,48,1,602,128,41
5.591293096542358,288942.0,582419.6000000001,32,15084.0,48,2,602,128,41
6.613813638687134,382842.0,598399.8999999999,32,15648.4,48,4,602,128,41
6.3028576374053955,467491.4,606945.9,32,16096.6,48,8,602,128,41
6.194287061691284,232430.3,576830.2999999999,32,16302.0,48,1,602,128,41
8.14926815032959,164453.8,624365.7999999999,32,15655.7,48,2,602,256,41
9.264562845230103,435898.1,654891.2000000001,32,15637.3,48,4,602,256,41
9.985196352005005,535156.2,672483.2999999999,32,15221.6,48,8,602,256,41
8.975066900253296,214732.1,398593.3,32,15634.1,48,1,602,256,41
7.535258054733276,290000.9,431117.30000000005,32,15611.8,48,2,602,256,41
8.636832475662231,274110.9,451384.0,32,15608.9,48,4,602,256,41
8.359635591506958,428878.69999999995,462360.1999999999,32,16106.1,48,8,602,256,41
6.836119651794434,202223.4,554126.1,32,16311.0,48,1,602,256,41
7.160430908203125,288795.5,581729.8999999999,32,15635.3,48,2,602,256,41
9.55240249633789,382109.7,597984.8,32,15059.2,48,4,602,256,41
9.07251763343811,467661.39999999997,607074.7,32,16253.6,48,8,602,256,41
15.575370073318481,232203.0,575573.7999999999,32,15039.4,48,1,602,512,41
12.494687795639038,328782.2,624405.0,32,15645.3,48,2,602,512,41
16.331772327423096,436024.3,655252.0,32,15624.2,48,4,602,512,41
15.637096405029297,535144.6000000001,672211.5999999999,32,15467.9,48,8,602,512,41
13.425121068954468,214510.09999999998,397897.19999999995,32,15544.1,48,1,602,512,41
12.210359334945679,290057.7,431049.7,32,15049.8,48,2,602,512,41
12.556658506393433,365130.3,451122.80000000005,32,15642.4,48,4,602,512,41
12.426004409790039,429343.80000000005,463038.9,32,16092.2,48,8,602,512,41
12.928080558776855,201963.19999999998,553906.6,32,16109.5,48,1,602,512,41
10.507526159286499,288948.9,582612.3999999999,32,16203.1,48,2,602,512,41
14.374980688095093,382589.79999999993,597938.3999999999,32,15640.2,48,4,602,512,41
14.15491008758545,467619.99999999994,607174.5,32,16117.0,48,8,602,512,41
31.97455096244812,97602.3,3942708.5,32,16152.9,48,1,300,128,100
16.466800928115845,111204.0,4442723.0,32,16147.5,48,2,300,128,100
13.623101472854614,121645.0,4416566.8,32,15046.2,48,4,300,128,100
13.587286949157715,129378.59999999999,3882985.8,32,15079.3,48,8,300,128,100
38.70325970649719,97378.6,3944731.0,32,15597.5,48,1,300,128,100
16.794533014297485,111285.9,4457925.9,32,15445.1,48,2,300,128,100
14.206249713897705,121651.19999999998,4450967.199999999,32,15104.0,48,4,300,128,100
13.651512384414673,128594.40000000001,3401763.9999999995,32,15639.4,48,8,300,128,100
37.87973403930664,97363.3,3950679.9,32,15655.7,48,1,300,128,100
16.83568000793457,110962.20000000001,4413051.4,32,15585.4,48,2,300,128,100
14.327873468399048,91575.7,4442236.0,32,15602.6,48,4,300,128,100
12.989656448364258,128500.9,3876607.6999999997,32,15081.1,48,8,300,128,100
36.836360931396484,97229.9,3926750.9,32,15094.4,48,1,300,128,100
29.168864488601685,110972.4,4441502.199999999,32,15794.5,48,2,300,256,100
20.8907310962677,121598.0,4429500.0,32,15844.8,48,4,300,256,100
19.476434469223022,112450.6,3385270.7999999993,32,15071.6,48,8,300,256,100
58.49136185646057,97423.8,3940655.0,32,15610.8,48,1,300,256,100
28.041461944580078,111393.20000000001,4442998.4,32,15101.9,48,2,300,256,100
19.267510652542114,121637.0,4457811.4,32,15604.8,48,4,300,256,100
18.533668756484985,128469.5,3859144.3000000003,32,15623.9,48,8,300,256,100
52.297990560531616,97367.8,3926110.2,32,15597.5,48,1,300,256,100
27.813711881637573,111116.7,4443050.9,32,15622.0,48,2,300,256,100
20.182686805725098,121844.0,4449572.6,32,15801.0,48,4,300,256,100
18.619439601898193,128126.20000000001,3846973.1999999997,32,15588.3,48,8,300,256,100
67.41115260124207,97661.2,3954326.0,32,15066.9,48,1,300,512,100
40.857205629348755,111034.7,4427796.699999999,32,16457.7,48,2,300,512,100
38.77249336242676,121652.70000000001,4470340.3,32,15034.7,48,4,300,512,100
29.634804010391235,129068.70000000001,3877741.3000000003,32,15600.4,48,8,300,512,100
83.57829856872559,97631.2,3946338.6,32,15658.7,48,1,300,512,100
43.51672101020813,111500.2,4455521.0,32,15647.5,48,2,300,512,100
38.37419033050537,121681.0,4407927.0,32,15845.7,48,4,300,512,100
30.681297779083252,112635.50000000001,3858924.1,32,15070.7,48,8,300,512,100
68.82681655883789,97159.5,3940054.1,32,15633.1,48,1,300,512,100
42.04267239570618,111485.0,4474751.4,32,15060.1,48,2,300,512,100
38.741796255111694,121497.6,4452065.0,32,15094.2,48,4,300,512,100
31.69938325881958,128611.1,3820123.2999999993,32,15024.4,48,8,300,512,100
13.609602451324463,212497.40000000002,319166.1,32,15796.8,48,1,300,128,100
10.720671892166138,251330.3,331036.9,32,15016.1,48,2,300,128,100
9.787752151489258,282645.39999999997,337514.4,32,15866.7,48,4,300,128,100
9.891641616821289,306786.6,342210.1,32,15085.8,48,8,300,128,100
12.330263614654541,182949.3,237935.19999999998,32,15860.5,48,1,300,128,100
9.042383909225464,208927.2,245077.8,32,15599.7,48,2,300,128,100
7.715521574020386,229601.90000000002,249428.40000000002,32,15638.2,48,4,300,128,100
8.165558576583862,213233.09999999998,220165.7,32,15790.6,48,8,300,128,100
13.099995613098145,191242.30000000002,296548.7,32,15604.8,48,1,300,128,100
9.982953548431396,225093.40000000002,303118.7,32,15600.4,48,2,300,128,100
9.002362966537476,253394.00000000003,307822.5,32,15595.6,48,4,300,128,100
9.215882301330566,275339.39999999997,311901.29999999993,32,15587.4,48,8,300,128,100
13.345797061920166,212709.7,318873.80000000005,32,15063.9,48,1,300,128,100
14.55516791343689,252131.09999999998,332041.0,32,15044.1,48,2,300,256,100
14.269174814224243,282060.5,337178.3,32,15613.7,48,4,300,256,100
14.615196228027344,306245.60000000003,341414.3,32,15061.0,48,8,300,256,100
17.24112582206726,183075.3,238171.0,32,15617.9,48,1,300,256,100
13.158127546310425,209232.30000000002,244928.09999999998,32,15651.4,48,2,300,256,100
11.583681583404541,231457.3,251829.0,32,15613.7,48,4,300,256,100
10.93589735031128,245228.6,253093.5,32,15599.7,48,8,300,256,100
18.257779836654663,191109.5,296507.80000000005,32,15053.6,48,1,300,256,100
13.67324948310852,225476.9,303695.7,32,15630.0,48,2,300,256,100
12.713609218597412,254524.0,309780.0,32,15662.8,48,4,300,256,100
12.811917781829834,241777.40000000002,312935.39999999997,32,15080.2,48,8,300,256,100
20.17033362388611,212449.80000000002,318535.39999999997,32,15617.9,48,1,300,512,100
11.398482322692871,249889.30000000002,328821.19999999995,32,15858.5,48,2,300,512,100
10.246826410293579,212254.7,253745.0,32,15600.7,48,4,300,512,100
11.0482759475708,266953.0,340789.3,32,15048.9,48,8,300,512,100
19.910128116607666,183443.0,238514.69999999998,32,15644.6,48,1,300,512,100
9.851927995681763,210382.5,246580.8,32,15652.6,48,2,300,512,100
9.778610229492188,229535.0,249541.7,32,15591.5,48,4,300,512,100
9.607257604598999,245140.80000000002,253085.1,32,15835.3,48,8,300,512,100
16.233057498931885,191174.1,296191.0,32,15651.6,48,1,300,512,100
9.162374019622803,225224.59999999998,303300.80000000005,32,15591.5,48,2,300,512,100
9.05724549293518,254221.4,309295.9,32,15079.1,48,4,300,512,100
9.456240892410278,242214.6,235406.5,32,15641.4,48,8,300,512,100
25.697627305984497,199782.2,8310165.6,32,15616.9,48,1,100,128,47
10.495672464370728,219512.0,6790517.0,32,15037.6,48,2,100,128,47
7.760024309158325,232296.3,5265153.2,32,15602.6,48,4,100,128,47
5.895204782485962,209801.8,3589115.4,32,15456.9,48,8,100,128,47
28.518232345581055,199578.9,8271761.2,32,15600.7,48,1,100,128,47
10.86312484741211,219624.5,6787234.0,32,16113.9,48,2,100,128,47
8.904406547546387,232282.9,5266524.8,32,15739.7,48,4,100,128,47
5.657622575759888,209873.4,3601270.6,32,16124.7,48,8,100,128,47
26.66183042526245,199513.9,8290585.8,32,15642.4,48,1,100,128,47
12.511759042739868,219685.2,6773722.0,32,16095.6,48,2,100,128,47
8.217371940612793,232221.0,5268383.0,32,15787.3,48,4,100,128,47
5.951338291168213,209979.9,3593956.2,32,16302.0,48,8,100,128,47
27.200456142425537,199570.8,8291261.0,32,15564.2,48,1,100,128,47
14.181559324264526,219582.7,6804692.4,32,15795.8,48,2,100,256,47
10.56293797492981,232319.40000000002,5284123.6,32,15595.6,48,4,100,256,47
8.114818334579468,209636.5,3572418.5999999996,32,15447.9,48,8,100,256,47
31.802865266799927,199565.0,8290314.0,32,15654.5,48,1,100,256,47
15.557939052581787,219817.09999999998,6783185.199999999,32,15045.0,48,2,100,256,47
11.025975704193115,232557.4,5284828.200000001,32,15614.9,48,4,100,256,47
8.092442750930786,239832.5,4101511.8,32,16050.1,48,8,100,256,47
31.28879690170288,199682.6,8304483.8,32,15613.0,48,1,100,256,47
15.951160669326782,219656.1,6772285.4,32,16090.2,48,2,100,256,47
10.543376207351685,232184.7,5266082.6,32,15597.8,48,4,100,256,47
7.973326206207275,179826.19999999998,3076507.8000000003,32,15449.1,48,8,100,256,47
41.85711741447449,199374.7,8320007.2,32,15061.2,48,1,100,512,47
22.79866862297058,219458.90000000002,6786734.4,32,15604.8,48,2,100,512,47
18.948710918426514,232380.40000000002,5260258.2,32,16083.7,48,4,100,512,47
16.76455783843994,179883.19999999998,3076701.8,32,16047.1,48,8,100,512,47
44.166661977767944,199825.6,8273663.0,32,16038.6,48,1,100,512,47
23.44953417778015,219647.40000000002,6803104.6,32,16075.0,48,2,100,512,47
19.06003737449646,232387.5,5275558.0,32,15564.2,48,4,100,512,47
16.517412185668945,239760.3,4093104.6,32,16080.4,48,8,100,512,47
44.10998749732971,199492.9,8293291.6,32,15020.6,48,1,100,512,47
24.658052921295166,219329.7,6782840.4,32,15030.0,48,2,100,512,47
19.055578231811523,232161.9,5252051.4,32,15628.0,48,4,100,512,47
15.944866180419922,239722.40000000002,4093387.5999999996,32,15606.7,48,8,100,512,47
4.06583833694458,492877.89999999997,663697.0,32,15620.0,48,1,100,128,47
3.2456936836242676,284202.9,679483.7,32,15634.1,48,2,100,128,47
3.0056755542755127,468454.9,689357.8999999999,32,16142.0,48,4,100,128,47
2.568530321121216,411558.1,607585.7999999999,32,15447.9,48,8,100,128,47
3.8083415031433105,400186.3,459567.5,32,15617.9,48,1,100,128,47
2.986823320388794,449012.5,470555.2,32,15619.8,48,2,100,128,47
2.6243343353271484,482804.20000000007,476840.2,32,15599.5,48,4,100,128,47
2.714622974395752,503464.8999999999,420107.60000000003,32,16135.3,48,8,100,128,47
3.998095989227295,428352.9,592586.4,32,15593.4,48,1,100,128,47
2.9796109199523926,490081.0,600751.3999999999,32,15616.9,48,2,100,128,47
2.7460520267486572,534193.1000000001,605784.8999999999,32,15587.6,48,4,100,128,47
2.3696024417877197,491459.4000000001,532362.6,32,15483.8,48,8,100,128,47
4.174415826797485,491950.6,662940.7000000001,32,15050.9,48,1,100,128,47
3.3406264781951904,568384.2,679393.2,32,15029.1,48,2,100,256,47
3.296599864959717,467432.60000000003,516612.3,32,15632.2,48,4,100,256,47
3.3449583053588867,576126.2000000001,606985.8,32,16078.3,48,8,100,256,47
6.706995010375977,400487.30000000005,459561.2,32,15642.4,48,1,100,256,47
3.7454288005828857,448793.8,470069.0,32,15615.9,48,2,100,256,47
2.9026360511779785,482660.8,357762.2,32,15524.2,48,4,100,256,47
2.9735190868377686,440368.1,479776.7,32,15466.9,48,8,100,256,47
4.003232002258301,427502.89999999997,591797.6,32,15906.6,48,1,100,256,47
2.9015369415283203,490908.9,601219.8,32,15827.1,48,2,100,256,47
2.876762628555298,400818.6,454081.4,32,15803.0,48,4,100,256,47
2.797971725463867,491743.6,532014.0999999999,32,16085.8,48,8,100,256,47
11.530415296554565,492871.10000000003,663512.7000000001,32,15601.6,48,1,100,512,47
6.632220268249512,568899.4,680051.9,32,15587.4,48,2,100,512,47
4.280954360961914,623096.8,689068.7000000001,32,15637.3,48,4,100,512,47
4.114805221557617,658475.0,693644.6,32,16067.6,48,8,100,512,47
9.960023164749146,400204.80000000005,459683.5,32,15599.7,48,1,100,512,47
6.375131607055664,449130.3,470480.3,32,15029.1,48,2,100,512,47
3.752562999725342,361584.60000000003,476559.0,32,16062.2,48,4,100,512,47
4.047964096069336,440214.0,419764.9,32,16082.7,48,8,100,512,47
6.837642669677734,427817.4,592395.1,32,15069.6,48,1,100,512,47
4.117257833480835,490311.1,601119.1000000001,32,15624.9,48,2,100,512,47
3.220527410507202,534407.7,606214.3,32,15625.9,48,4,100,512,47
3.2638819217681885,491887.2,532101.2,32,16046.1,48,8,100,512,47
1.0494179725646973,59203.1,559016.2,32,15023.5,48,1,500,128,7
1.0888850688934326,86528.29999999999,756360.2,32,15550.1,48,2,500,128,7
1.172844409942627,114223.3,894663.8,32,15037.6,48,4,500,128,7
1.4267385005950928,138609.09999999998,946811.4,32,15204.3,48,8,500,128,7
1.0818302631378174,59251.1,559484.8,32,15581.6,48,1,500,128,7
1.1195275783538818,86524.8,756412.8,32,15602.8,48,2,500,128,7
1.2659077644348145,114036.6,893236.8,32,15810.4,48,4,500,128,7
1.45345139503479,104035.8,710263.2,32,15573.4,48,8,500,128,7
1.0921659469604492,59222.9,559097.6,32,15049.1,48,1,500,128,7
1.14707350730896,86622.5,757744.0,32,15591.5,48,2,500,128,7
1.2285406589508057,114044.4,893488.8,32,15558.0,48,4,500,128,7
1.3793163299560547,138612.19999999998,947902.2000000001,32,15042.3,48,8,500,128,7
1.1785039901733398,59108.2,557648.6,32,15607.7,48,1,500,128,7
2.136979341506958,86561.5,756614.8,32,15611.8,48,2,500,256,7
1.9294633865356445,114102.70000000001,894011.4,32,15048.0,48,4,500,256,7
1.9654221534729004,138583.7,947765.6000000001,32,15809.2,48,8,500,256,7
2.453644275665283,59240.1,559620.2,32,15804.0,48,1,500,256,7
2.3029935359954834,86691.79999999999,758326.4,32,15562.1,48,2,500,256,7
1.8756217956542969,114214.0,894727.2000000001,32,15609.6,48,4,500,256,7
2.1606273651123047,121497.5,829393.7999999999,32,15024.4,48,8,500,256,7
2.3021669387817383,59261.9,559128.4,32,15612.8,48,1,500,256,7
2.045165777206421,86612.1,756949.2,32,15590.5,48,2,500,256,7
2.0027551651000977,114327.5,896121.2,32,15672.8,48,4,500,256,7
2.1388649940490723,121196.09999999998,829048.7999999999,32,15618.8,48,8,500,256,7
3.5182762145996094,59138.9,558097.0,32,15602.6,48,1,500,512,7
2.9707858562469482,86555.9,757115.2,32,15561.1,48,2,500,512,7
3.359196424484253,114148.3,894092.5999999999,32,15569.3,48,4,500,512,7
3.36649751663208,138441.30000000002,946719.2,32,15614.9,48,8,500,512,7
3.9296979904174805,59211.6,558738.8,32,15817.6,48,1,500,512,7
3.3048624992370605,86642.70000000001,758037.3999999999,32,15586.4,48,2,500,512,7
3.3000824451446533,114209.0,894876.3999999999,32,15575.3,48,4,500,512,7
3.2535061836242676,138467.8,946443.2,32,15590.5,48,8,500,512,7
3.265709161758423,59200.3,558728.2,32,15845.7,48,1,500,512,7
3.3560948371887207,86611.7,757489.3999999999,32,15622.0,48,2,500,512,7
3.520479917526245,114345.50000000001,895922.8,32,15910.9,48,4,500,512,7
3.549464464187622,138609.0,947516.6000000001,32,15648.4,48,8,500,512,7
1.1713893413543701,117061.6,228139.8,32,15768.6,48,1,500,128,7
1.0956268310546875,164823.90000000002,264786.1,32,15560.2,48,2,500,128,7
1.0427303314208984,216481.30000000002,295511.3,32,15553.2,48,4,500,128,7
1.201301097869873,265113.6,320235.39999999997,32,15061.2,48,8,500,128,7
1.2201004028320312,110656.7,193317.1,32,15560.2,48,1,500,128,7
1.026249885559082,150254.09999999998,220178.8,32,15570.3,48,2,500,128,7
1.025395393371582,190705.2,241731.09999999998,32,15593.7,48,4,500,128,7
1.1328125,198837.8,258749.19999999998,32,15800.0,48,8,500,128,7
1.0926342010498047,111096.4,223308.0,32,15601.6,48,1,500,128,7
1.0520946979522705,160534.2,263705.7,32,15597.5,48,2,500,128,7
1.0589993000030518,215647.90000000002,298757.8,32,15066.9,48,4,500,128,7
1.2036268711090088,267561.5,326752.39999999997,32,15842.5,48,8,500,128,7
1.0953292846679688,117167.29999999999,228578.7,32,15621.0,48,1,500,128,7
1.4295861721038818,164970.2,265199.9,32,15075.4,48,2,500,256,7
1.561046838760376,216487.0,295538.9,32,15665.7,48,4,500,256,7
1.7575304508209229,231923.09999999998,320272.3,32,15748.1,48,8,500,256,7
1.3493576049804688,110904.4,193830.1,32,15584.5,48,1,500,256,7
1.269672155380249,150158.4,219942.3,32,15967.1,48,2,500,256,7
1.491870403289795,190624.6,241669.3,32,15589.6,48,4,500,256,7
1.5390491485595703,198657.90000000002,226326.69999999998,32,15895.0,48,8,500,256,7
1.368072748184204,111030.1,223116.1,32,15017.9,48,1,500,256,7
1.2191224098205566,160389.8,263523.5,32,15607.7,48,2,500,256,7
1.5683181285858154,215302.7,298156.5,32,15597.5,48,4,500,256,7
1.7536907196044922,234371.5,327139.6,32,15057.4,48,8,500,256,7
1.8814115524291992,117075.5,228170.0,32,15431.1,48,1,500,512,7
1.090064287185669,164851.6,264916.69999999995,32,15611.8,48,2,500,512,7
1.0841388702392578,216380.4,295262.0,32,15863.7,48,4,500,512,7
1.1390433311462402,265223.8,320385.69999999995,32,15060.1,48,8,500,512,7
1.6412246227264404,110830.6,193707.1,32,15900.6,48,1,500,512,7
1.0828895568847656,150132.2,219983.09999999998,32,15005.6,48,2,500,512,7
1.097822904586792,190468.09999999998,241546.7,32,15582.3,48,4,500,512,7
1.1492829322814941,226862.9,258349.5,32,15024.4,48,8,500,512,7
1.6053550243377686,111121.0,223482.9,32,15760.4,48,1,500,512,7
1.0898208618164062,160478.9,263619.7,32,15041.4,48,2,500,512,7
1.0344927310943604,215402.7,298296.3,32,15017.6,48,4,500,512,7
1.039738655090332,268058.3,327417.4,32,15037.6,48,8,500,512,7
132.5860743522644,111030.3,69245970.4,32,15030.0,48,1,602,128,41
89.6419951915741,151102.8,87424743.4,32,15706.8,48,2,602,128,41
58.926130056381226,186878.99999999997,90770707.19999999,32,15649.4,48,4,602,128,41
35.204747438430786,213557.19999999998,77580085.60000001,32,15808.2,48,8,602,128,41
133.74995732307434,111000.5,69296450.4,32,16119.3,48,1,602,128,41
89.31882953643799,151237.5,87565707.0,32,15737.7,48,2,602,128,41
57.91512417793274,186735.49999999997,90432834.19999999,32,15577.2,48,4,602,128,41
34.56348514556885,213731.3,77986068.39999999,32,15486.7,48,8,602,128,41
133.3615472316742,110986.9,69396482.8,32,16084.8,48,1,602,128,41
91.39803957939148,151250.1,87612527.6,32,15202.3,48,2,602,128,41
59.62434363365173,186796.90000000002,90636094.0,32,15940.6,48,4,602,128,41
34.224955558776855,213553.69999999998,77990540.4,32,15675.0,48,8,602,128,41
130.352112531662,110967.2,69509099.0,32,15447.0,48,1,602,128,41
105.06642365455627,151313.2,87685389.4,32,15625.1,48,2,602,256,41
74.07685422897339,186907.0,90862244.80000001,32,16097.6,48,4,602,256,41
49.17431974411011,213455.9,77618233.2,32,15842.8,48,8,602,256,41
159.04430103302002,111069.2,69459894.6,32,15639.2,48,1,602,256,41
106.38090491294861,151017.90000000002,87536857.0,32,15662.8,48,2,602,256,41
72.45766735076904,186926.6,90304884.6,32,15660.6,48,4,602,256,41
48.147884130477905,213693.40000000002,77940228.39999999,32,16106.1,48,8,602,256,41
146.91456985473633,111106.6,69289868.2,32,15607.7,48,1,602,256,41
108.40971207618713,151073.59999999998,87657164.19999999,32,16069.6,48,2,602,256,41
73.60491704940796,186781.0,90453827.4,32,15055.4,48,4,602,256,41
48.614524126052856,213839.99999999997,77717077.39999999,32,16099.7,48,8,602,256,41
189.75879073143005,111128.9,69274356.6,32,16088.1,48,1,602,512,41
137.97015690803528,151177.1,87447558.4,32,15241.9,48,2,602,512,41
126.01080417633057,186718.90000000002,90524047.0,32,15076.4,48,4,602,512,41
88.70218968391418,213531.40000000002,77549855.4,32,15696.5,48,8,602,512,41
192.5465977191925,111035.1,69314340.6,32,15476.9,48,1,602,512,41
133.71198558807373,151287.90000000002,87568100.80000001,32,15052.7,48,2,602,512,41
110.43643689155579,186691.90000000002,90969703.19999999,32,15622.0,48,4,602,512,41
89.61697101593018,213540.4,77725729.39999999,32,15930.0,48,8,602,512,41
202.55666041374207,110980.4,69389085.2,32,16078.3,48,1,602,512,41
149.3189263343811,151301.5,87615286.6,32,16069.6,48,2,602,512,41
112.76986193656921,186635.5,90370392.80000001,32,15562.3,48,4,602,512,41
86.98126316070557,213347.8,77019096.6,32,16121.6,48,8,602,512,41
15.853744983673096,468075.1,1897800.9999999998,32,15048.0,48,1,602,128,41
12.88669490814209,721004.0,2508497.9000000004,32,15050.9,48,2,602,128,41
14.408973693847656,1081823.5,3047598.7,32,15471.9,48,4,602,128,41
17.623510122299194,1372406.4,3022596.3000000003,32,15212.8,48,8,602,128,41
21.568583965301514,602753.8,4446329.2,32,15019.9,48,1,602,128,41
18.239856004714966,992705.5,6747433.9,32,16150.8,48,2,602,128,41
23.43039298057556,1584654.9,9343000.7,32,16105.4,48,4,602,128,41
28.30117177963257,2160725.2,10301005.1,32,15491.9,48,8,602,128,41
13.934638261795044,458690.7,1343625.5,32,15457.9,48,1,602,128,41
11.452540397644043,696470.2,1754113.7999999998,32,16142.0,48,2,602,128,41
13.039689540863037,1018644.7999999999,2118229.0000000005,32,16170.3,48,4,602,128,41
15.452461004257202,1241988.0,2390638.3000000003,32,16058.9,48,8,602,128,41
16.016526699066162,467641.3,1895283.5,32,16111.8,48,1,602,128,41
17.906062126159668,721122.6,2507907.9,32,15030.0,48,2,602,256,41
21.33726954460144,1081826.8,3050016.9000000004,32,15588.3,48,4,602,256,41
24.696698427200317,1567608.0999999999,3455152.6,32,15644.3,48,8,602,256,41
26.660277366638184,602774.2,4445449.600000001,32,15021.7,48,1,602,256,41
24.267147541046143,992288.7,6743304.199999999,32,16129.1,48,2,602,256,41
29.70083713531494,1585820.7,9355493.600000001,32,15072.5,48,4,602,256,41
41.79846525192261,2470679.2,11786240.100000001,32,16083.7,48,8,602,256,41
19.534499168395996,458523.80000000005,1342921.2000000002,32,15582.3,48,1,602,256,41
17.723082780838013,696981.0,1756546.4,32,15083.8,48,2,602,256,41
19.68853521347046,1019603.1,2120031.6,32,15579.4,48,4,602,256,41
21.58439016342163,1419693.7000000002,2388782.0,32,15596.6,48,8,602,256,41
31.949915170669556,467811.5,1896657.1,32,15642.4,48,1,602,512,41
27.475525856018066,721525.8999999999,2510593.5,32,15607.7,48,2,602,512,41
33.79187059402466,1081686.9000000001,3048011.8,32,15599.7,48,4,602,512,41
37.971614360809326,1568176.0999999999,3454059.4,32,16075.0,48,8,602,512,41
43.28530240058899,602560.6000000001,4444199.0,32,15389.6,48,1,602,512,41
39.118545055389404,993417.5,6753615.199999999,32,16098.9,48,2,602,512,41
49.06048655509949,1585187.9,9349208.4,32,16143.3,48,4,602,512,41
65.43589925765991,2471142.4,11793535.700000001,32,15429.2,48,8,602,512,41
31.667006254196167,458519.0,1342831.0999999999,32,15059.4,48,1,602,512,41
25.452571630477905,697152.1000000001,1757686.4,32,15593.4,48,2,602,512,41
30.503473043441772,1019301.1,2120686.1999999997,32,15832.3,48,4,602,512,41
34.63726282119751,1418247.8000000003,2387256.9,32,15635.3,48,8,602,512,41
52.82369923591614,97611.2,3944096.6,32,15059.2,48,1,300,128,100
20.288525104522705,110998.7,4453177.7,32,15648.4,48,2,300,128,100
15.584751605987549,120755.6,4425744.0,32,15604.5,48,4,300,128,100
15.522256135940552,128782.3,3869792.5,32,15639.4,48,8,300,128,100
46.118243932724,97445.2,3941306.6,32,15456.9,48,1,300,128,100
20.46407461166382,111111.70000000001,4429721.9,32,15603.6,48,2,300,128,100
15.57401156425476,91459.1,3363185.7,32,15639.2,48,4,300,128,100
15.17667007446289,129033.70000000001,3895717.6999999997,32,15602.8,48,8,300,128,100
47.04010558128357,97786.5,3955881.7,32,15060.3,48,1,300,128,100
20.744086742401123,110974.8,4444047.800000001,32,15068.9,48,2,300,128,100
15.238326787948608,91283.5,4430572.0,32,15045.9,48,4,300,128,100
15.9329674243927,113163.5,3886872.6999999997,32,15870.0,48,8,300,128,100
47.01736760139465,97285.7,3946801.5,32,15659.6,48,1,300,128,100
36.84656262397766,111379.29999999999,4447111.5,32,15625.9,48,2,300,256,100
25.146878004074097,122002.8,4425134.4,32,15631.9,48,4,300,256,100
25.82757306098938,128749.9,3818438.5,32,15625.9,48,8,300,256,100
84.59207034111023,97434.2,3943126.0,32,15608.9,48,1,300,256,100
34.76211643218994,111553.0,4436460.199999999,32,15061.2,48,2,300,256,100
26.63933539390564,121777.5,4446341.9,32,15804.0,48,4,300,256,100
23.791528940200806,96265.2,3387348.4000000004,32,15080.0,48,8,300,256,100
83.13056564331055,97394.5,3948098.3,32,15627.1,48,1,300,256,100
36.186274766922,111304.3,4428845.5,32,15777.0,48,2,300,256,100
26.006621837615967,121698.3,4456413.7,32,15634.1,48,4,300,256,100
23.361551761627197,112344.2,3835916.9000000004,32,15601.6,48,8,300,256,100
130.0721001625061,97628.0,3944401.4,32,15627.1,48,1,300,512,100
88.99056148529053,111504.20000000001,4424093.0,32,15032.0,48,2,300,512,100
68.69275498390198,121726.9,4449279.9,32,16099.9,48,4,300,512,100
47.687052488327026,129166.40000000001,3882738.9999999995,32,15619.8,48,8,300,512,100
131.11812019348145,96915.3,3907103.9,32,15631.2,48,1,300,512,100
77.35365915298462,111197.29999999999,4440896.1,32,15071.6,48,2,300,512,100
69.38669037818909,121684.9,4455307.3,32,15629.0,48,4,300,512,100
51.57816290855408,128644.80000000002,3862099.4,32,15607.7,48,8,300,512,100
140.01143407821655,97299.7,3937741.5,32,15072.5,48,1,300,512,100
75.02116250991821,111176.9,4431442.1,32,15657.7,48,2,300,512,100
68.10258150100708,121500.6,4419419.0,32,15057.4,48,4,300,512,100
51.15214967727661,96383.0,3386276.7,32,15599.7,48,8,300,512,100
41.628018856048584,579293.4,1377947.0000000002,32,15605.7,48,1,300,128,100
29.824486017227173,783401.0,1582179.5,32,15614.7,48,2,300,128,100
30.588289737701416,1011072.1000000001,1296943.4000000001,32,15041.4,48,4,300,128,100
35.565317153930664,1087336.7,1610213.8,32,15827.1,48,8,300,128,100
59.152974367141724,837204.6,3175745.0999999996,32,15092.4,48,1,300,128,100
51.875734090805054,1223915.9,4010052.4,32,16211.7,48,2,300,128,100
50.10459303855896,1727025.0,4714003.5,32,15634.3,48,4,300,128,100
60.270418643951416,2353925.8,5313969.199999999,32,15702.6,48,8,300,128,100
41.214598417282104,538595.1,1031539.4,32,15640.2,48,1,300,128,100
26.701746225357056,707082.7,1171735.1,32,15790.6,48,2,300,128,100
26.004835844039917,662577.3999999999,955534.5000000001,32,15188.0,48,4,300,128,100
29.76249098777771,1051168.4999999998,1345293.2000000002,32,15048.9,48,8,300,128,100
46.04130291938782,580663.2,1380597.7,32,15675.0,48,1,300,128,100
48.592005014419556,780742.9,1572223.5,32,15625.1,48,2,300,256,100
43.102426290512085,1014860.2,1737528.4,32,15224.6,48,4,300,256,100
45.45095133781433,1088785.1,1375379.2,32,15834.0,48,8,300,256,100
89.84661746025085,837065.0,3172321.0,32,15592.4,48,1,300,256,100
68.45521235466003,1225175.5,4023504.5,32,16177.8,48,2,300,256,100
73.17930245399475,1730948.5,4746610.699999999,32,15873.0,48,4,300,256,100
86.49337029457092,2347872.3000000003,5291983.8,32,15609.6,48,8,300,256,100
63.4797523021698,537949.3,1030371.1,32,15617.9,48,1,300,256,100
46.10751795768738,709223.0,1177931.4,32,15903.6,48,2,300,256,100
38.50725793838501,884445.5,1276845.9000000001,32,15654.8,48,4,300,256,100
39.27246046066284,1052172.7,1347823.7000000002,32,15765.6,48,8,300,256,100
78.63182234764099,578866.9,1376663.9,32,15914.1,48,1,300,512,100
54.094090700149536,782647.2999999999,1580736.2999999998,32,15587.6,48,2,300,512,100
45.3535475730896,1012531.9999999999,1732012.7000000002,32,15904.6,48,4,300,512,100
39.500237464904785,1089123.0,1839977.2000000002,32,15807.2,48,8,300,512,100
123.1837911605835,835875.6000000001,3166805.5,32,15565.2,48,1,300,512,100
80.02885603904724,1221703.0,4010361.3,32,16130.1,48,2,300,512,100
81.7136070728302,1735935.8,4758674.9,32,15610.8,48,4,300,512,100
82.36539888381958,2345187.9,5280403.1,32,15800.7,48,8,300,512,100
79.84876894950867,538499.3999999999,1031938.3999999999,32,15009.4,48,1,300,512,100
49.738667011260986,706955.7,1172833.9,32,15626.1,48,2,300,512,100
48.29168081283569,664170.5,959188.2000000002,32,15789.6,48,4,300,512,100
36.11649703979492,1048972.5,1341098.9,32,15805.9,48,8,300,512,100
38.56831455230713,199827.3,8325253.8,32,15617.9,48,1,100,128,47
14.146373271942139,219515.2,6772391.0,32,16147.5,48,2,100,128,47
9.136529922485352,232294.6,5261824.600000001,32,15629.2,48,4,100,128,47
7.712725877761841,179709.8,3578618.2,32,16083.5,48,8,100,128,47
44.51538348197937,199420.3,8284538.4,32,15781.2,48,1,100,128,47
17.343375205993652,219407.8,6793564.6,32,15529.9,48,2,100,128,47
10.151796817779541,232356.0,5283611.0,32,15615.9,48,4,100,128,47
7.696379899978638,239965.5,4100237.4,32,16077.3,48,8,100,128,47
39.94952583312988,199804.8,8269684.2,32,15030.2,48,1,100,128,47
15.842375040054321,219593.2,6786031.800000001,32,15582.6,48,2,100,128,47
8.581727981567383,232237.49999999997,5273667.399999999,32,15641.1,48,4,100,128,47
7.712602853775024,209863.49999999997,3591392.8000000003,32,16076.3,48,8,100,128,47
41.33848738670349,199423.5,8265188.0,32,16060.1,48,1,100,128,47
30.146753311157227,219604.5,6804669.2,32,15001.8,48,2,100,256,47
21.184024810791016,232369.40000000002,5270745.6,32,16077.3,48,4,100,256,47
12.846219062805176,239751.7,4116781.8000000003,32,16082.7,48,8,100,256,47
56.641637563705444,199801.5,8300111.8,32,15099.9,48,1,100,256,47
25.751407861709595,219320.8,6782675.8,32,15258.5,48,2,100,256,47
21.250940799713135,232206.09999999998,5252543.2,32,15821.8,48,4,100,256,47
12.823061466217041,239833.3,3595241.0,32,16115.2,48,8,100,256,47
57.82162094116211,199677.8,8278059.6,32,15604.5,48,1,100,256,47
29.862282752990723,219509.8,6778216.6,32,16109.5,48,2,100,256,47
21.12731170654297,232173.4,5259993.2,32,15830.1,48,4,100,256,47
12.383915662765503,239854.59999999998,4101434.0,32,16074.0,48,8,100,256,47
89.21308326721191,199547.1,8274403.4,32,15794.8,48,1,100,512,47
48.62644720077515,219357.5,6796480.4,32,15633.1,48,2,100,512,47
36.94990396499634,232463.0,5272310.199999999,32,16097.6,48,4,100,512,47
34.62470722198486,239863.2,3574367.8,32,16069.9,48,8,100,512,47
90.61695265769958,199534.6,8268434.2,32,16084.8,48,1,100,512,47
55.010178565979004,219653.2,6773944.8,32,15073.6,48,2,100,512,47
38.04249024391174,174150.5,3933964.2,32,16088.9,48,4,100,512,47
34.32316780090332,209788.2,3587902.3999999994,32,16389.1,48,8,100,512,47
92.6461935043335,199636.6,8297168.6,32,15569.3,48,1,100,512,47
47.11258578300476,219551.0,6780480.4,32,15619.8,48,2,100,512,47
40.34989023208618,232240.59999999998,5270451.2,32,15478.8,48,4,100,512,47
34.43258619308472,239754.0,4092469.4,32,16065.5,48,8,100,512,47
19.625063180923462,1448226.8,3178071.9,32,15044.4,48,1,100,128,47
12.537899255752563,1912765.9,3477988.4,32,15603.6,48,2,100,128,47
10.163581132888794,2369222.0,3670569.1999999997,32,15607.7,48,4,100,128,47
9.5494065284729,2403948.0,3312387.8000000003,32,16115.2,48,8,100,128,47
37.82221841812134,2413147.6,10168566.9,32,15894.0,48,1,100,128,47
29.76731562614441,3536417.3,12009115.7,32,16084.8,48,2,100,128,47
28.90650725364685,4902856.800000001,13325931.999999998,32,15050.7,48,4,100,128,47
23.423715591430664,6389352.2,14199684.4,32,15709.7,48,8,100,128,47
17.63844585418701,1296546.4,2226220.8,32,15523.0,48,1,100,128,47
11.936044931411743,1652387.5,2428034.0,32,15576.5,48,2,100,128,47
7.962465047836304,1978176.7,2557651.8000000003,32,16103.0,48,4,100,128,47
7.754425525665283,2233385.6000000006,2634025.5999999996,32,16074.0,48,8,100,128,47
19.39752507209778,1446449.5999999999,3175363.8000000003,32,15583.5,48,1,100,128,47
18.726811408996582,1916922.8,3480938.2,32,15533.0,48,2,100,256,47
14.652849674224854,2370560.5,3672668.7,32,15615.9,48,4,100,256,47
11.6220703125,2752226.9000000004,3784914.0999999996,32,16075.0,48,8,100,256,47
52.57233762741089,2413247.6,10166092.399999999,32,15595.6,48,1,100,256,47
35.14244818687439,3534035.7,12022437.600000001,32,15786.4,48,2,100,256,47
31.265464544296265,4910563.6,13342215.8,32,16075.0,48,4,100,256,47
29.698135137557983,6394228.6,14211102.899999999,32,16098.7,48,8,100,256,47
147.71040844917297,1294548.7,2224032.1999999997,32,15061.2,48,1,100,256,47
19.567080974578857,1654303.4,2429516.0999999996,32,15609.6,48,2,100,256,47
13.623141527175903,1979629.5,2559961.2,32,15630.0,48,4,100,256,47
9.928157806396484,2232554.8000000003,2634974.1999999997,32,16055.5,48,8,100,256,47
42.384527921676636,1447811.7,3177945.6,32,15030.2,48,1,100,512,47
28.415375232696533,1917549.2999999998,3484893.8,32,15875.0,48,2,100,512,47
23.09982466697693,2369117.8,3672908.4,32,16108.4,48,4,100,512,47
18.515165328979492,2746561.2,3310680.0,32,15932.0,48,8,100,512,47
82.19128918647766,2417946.4,10194271.8,32,15661.6,48,1,100,512,47
50.498361349105835,3538958.7,12029216.4,32,15502.9,48,2,100,512,47
47.27658772468567,4911977.699999999,13340009.5,32,15625.1,48,4,100,512,47
45.705668687820435,6379441.0,12415228.4,32,16255.7,48,8,100,512,47
41.72028136253357,1293671.4,2223362.0,32,15644.3,48,1,100,512,47
23.9424409866333,1655343.2,2430296.0999999996,32,15634.1,48,2,100,512,47
21.440946578979492,1485717.2,2561284.3000000003,32,15623.9,48,4,100,512,47
17.515902042388916,2234404.8,2635131.8,32,15460.0,48,8,100,512,47
1.3058359622955322,59185.0,558323.2,32,15597.5,48,1,500,128,7
1.2940690517425537,86629.5,757487.3999999999,32,15604.5,48,2,500,128,7
1.3177945613861084,114286.9,894679.7999999999,32,15568.3,48,4,500,128,7
1.5242106914520264,138624.5,947416.2,32,15042.3,48,8,500,128,7
1.5215034484863281,59240.1,559235.4,32,15027.1,48,1,500,128,7
1.372636318206787,86587.29999999999,756740.0,32,15070.7,48,2,500,128,7
1.2871623039245605,114250.6,894981.6,32,15031.1,48,4,500,128,7
1.5114223957061768,138694.00000000003,948153.2,32,15764.6,48,8,500,128,7
1.4910366535186768,59249.6,559477.4,32,15028.2,48,1,500,128,7
1.4077234268188477,86613.1,756947.2,32,15578.2,48,2,500,128,7
1.4456908702850342,114289.0,895410.0,32,15575.3,48,4,500,128,7
1.5789868831634521,138734.90000000002,948362.6,32,15020.6,48,8,500,128,7
1.4193494319915771,59252.4,559596.0,32,15567.4,48,1,500,128,7
3.69022274017334,86584.6,757019.3999999999,32,15602.6,48,2,500,256,7
2.20426344871521,114242.0,894319.6,32,15032.9,48,4,500,256,7
2.4249107837677,121254.3,947512.1999999998,32,15002.0,48,8,500,256,7
3.7106339931488037,59164.5,558455.4,32,15599.5,48,1,500,256,7
3.6958112716674805,86684.9,757844.8,32,15595.6,48,2,500,256,7
2.2263121604919434,114138.59999999999,893543.2,32,15029.1,48,4,500,256,7
2.232997179031372,121298.40000000002,946915.2,32,15601.6,48,8,500,256,7
4.3285815715789795,59173.9,558543.8,32,15495.7,48,1,500,256,7
3.7206718921661377,86682.5,758120.0,32,15552.9,48,2,500,256,7
2.187847375869751,114114.00000000001,893246.0000000001,32,15571.2,48,4,500,256,7
2.404481887817383,103918.0,830395.2,32,15038.5,48,8,500,256,7
7.530356407165527,59218.8,558940.4,32,15592.7,48,1,500,512,7
6.653449296951294,86617.79999999999,757477.4,32,15044.4,48,2,500,512,7
5.612135887145996,114108.4,893729.0,32,15061.2,48,4,500,512,7
5.344265699386597,138521.69999999998,947029.6,32,15549.1,48,8,500,512,7
7.36128830909729,59230.7,559459.8,32,15569.3,48,1,500,512,7
6.486776351928711,86468.8,755640.4,32,15568.1,48,2,500,512,7
5.368770360946655,114176.70000000001,894172.8,32,15596.6,48,4,500,512,7
5.6606903076171875,138679.4,947538.6000000001,32,15551.3,48,8,500,512,7
6.750220775604248,59161.3,558304.6,32,15569.3,48,1,500,512,7
5.839921474456787,86584.5,756755.2,32,15599.5,48,2,500,512,7
5.506178855895996,114166.59999999999,893994.8,32,15558.2,48,4,500,512,7
5.576170206069946,138610.9,948174.3999999999,32,15030.0,48,8,500,512,7
1.9137659072875977,239466.69999999998,637591.7000000001,32,15582.3,48,1,500,128,7
1.989825963973999,376942.5,907091.5,32,15773.0,48,2,500,128,7
2.334408760070801,573106.6,1189516.3,32,15040.3,48,4,500,128,7
2.8673880100250244,725482.2,1268300.4000000001,32,15580.4,48,8,500,128,7
3.1695947647094727,272603.3,841824.0,32,15101.0,48,1,500,128,7
2.3532638549804688,446751.30000000005,1294896.6,32,15040.5,48,2,500,128,7
2.815577745437622,707177.0999999999,1841125.0999999999,32,15586.4,48,4,500,128,7
3.376352071762085,1086697.8,2407831.0,32,15429.2,48,8,500,128,7
2.0484089851379395,238313.8,581671.4,32,15442.9,48,1,500,128,7
1.8987095355987549,371829.6,810779.1,32,15059.2,48,2,500,128,7
2.2184183597564697,554787.4,1043382.0,32,15562.3,48,4,500,128,7
2.6046900749206543,781153.2000000001,1254038.8,32,15839.3,48,8,500,128,7
2.288982629776001,239683.40000000002,638306.3,32,15605.7,48,1,500,128,7
3.071207046508789,377052.20000000007,907251.1,32,15812.4,48,2,500,256,7
3.0286083221435547,573112.4,1189900.1999999997,32,15621.0,48,4,500,256,7
3.5672712326049805,829498.8999999999,1450998.4000000001,32,15608.9,48,8,500,256,7
3.6293601989746094,272603.60000000003,841733.2,32,15020.8,48,1,500,256,7
3.3469934463500977,446379.69999999995,1294028.2999999998,32,15597.5,48,2,500,256,7
4.007653474807739,707400.7999999999,1842285.5999999999,32,15624.9,48,4,500,256,7
4.539076566696167,1088018.7999999998,2413450.9,32,15611.8,48,8,500,256,7
3.249474287033081,238234.40000000002,581331.3999999999,32,15040.5,48,1,500,256,7
2.940133810043335,371699.5,810093.7999999999,32,15440.1,48,2,500,256,7
2.694722890853882,554576.7999999999,1042877.1,32,15009.4,48,4,500,256,7
3.257424831390381,780682.7,1252614.8000000003,32,15596.6,48,8,500,256,7
5.713944435119629,239724.2,638549.3,32,15067.8,48,1,500,512,7
4.5692150592803955,377282.3,908440.8999999999,32,15561.1,48,2,500,512,7
4.244709253311157,573690.2999999999,1191212.2000000002,32,15058.3,48,4,500,512,7
4.436860799789429,829432.7000000001,1451263.2000000002,32,15019.7,48,8,500,512,7
5.679616212844849,272631.6,841903.9000000001,32,15561.4,48,1,500,512,7
5.55133056640625,446639.0,1294863.3,32,15601.6,48,2,500,512,7
5.876856327056885,706744.2,1840357.0000000002,32,15052.7,48,4,500,512,7
5.866535425186157,1085731.4,2405221.5,32,15596.6,48,8,500,512,7
5.5255210399627686,238112.1,581214.8,32,15560.4,48,1,500,512,7
4.54353928565979,371922.4,810859.7,32,15059.2,48,2,500,512,7
4.4926981925964355,554709.3999999999,1043283.0,32,15035.8,48,4,500,512,7
4.216119050979614,780500.9999999999,1252330.9000000001,32,15616.9,48,8,500,512,7
131.19005846977234,110999.5,69381002.0,32,15826.8,48,1,602,128,41
89.48080635070801,151346.8,87497059.4,32,16069.6,48,2,602,128,41
73.97507214546204,186779.6,90581441.19999999,32,15199.5,48,4,602,128,41
34.77976751327515,213807.99999999997,77881955.4,32,16076.0,48,8,602,128,41
131.2498424053192,110940.3,69328156.8,32,16036.3,48,1,602,128,41
91.24643015861511,151151.8,87700617.6,32,16094.5,48,2,602,128,41
59.636051416397095,186786.4,90616767.19999999,32,15724.5,48,4,602,128,41
36.592894554138184,213535.80000000002,77722834.39999999,32,15037.6,48,8,602,128,41
126.06810069084167,110985.1,69548647.8,32,16083.5,48,1,602,128,41
79.92992115020752,151174.9,87585695.0,32,15626.1,48,2,602,128,41
58.369590759277344,186819.99999999997,90089748.0,32,15633.1,48,4,602,128,41
34.6405131816864,213490.9,77312424.79999998,32,15499.8,48,8,602,128,41
130.48590779304504,111197.3,69562150.4,32,15622.0,48,1,602,128,41
109.36292052268982,151387.2,87562683.0,32,16184.6,48,2,602,256,41
74.53907346725464,186799.5,90695481.79999998,32,16087.9,48,4,602,256,41
51.60952949523926,160109.2,68551137.4,32,16105.4,48,8,602,256,41
156.90581703186035,111010.8,69409054.2,32,16081.4,48,1,602,256,41
98.61598753929138,151110.6,87706959.6,32,15637.3,48,2,602,256,41
76.5276825428009,186610.90000000002,90782037.2,32,15048.9,48,4,602,256,41
53.07684302330017,213442.5,77900220.2,32,16058.9,48,8,602,256,41
160.24459862709045,111234.8,69468695.8,32,15468.8,48,1,602,256,41
108.61686658859253,151053.6,87788619.8,32,16101.0,48,2,602,256,41
77.48793435096741,186827.0,90481595.60000001,32,15594.6,48,4,602,256,41
49.78677821159363,213436.39999999997,77484551.0,32,15195.8,48,8,602,256,41
209.59860920906067,110845.2,69358984.8,32,15536.9,48,1,602,512,41
154.35022950172424,151284.8,87979140.4,32,16079.4,48,2,602,512,41
113.2615966796875,186809.59999999998,90833857.19999999,32,15601.6,48,4,602,512,41
95.59969329833984,213803.5,77658387.0,32,16066.5,48,8,602,512,41
204.769681930542,110914.5,69379605.4,32,16094.5,48,1,602,512,41
141.07117342948914,150965.0,87709458.6,32,15484.8,48,2,602,512,41
114.23810315132141,186761.5,90358323.8,32,15473.1,48,4,602,512,41
97.42234587669373,213436.3,77491492.0,32,15005.6,48,8,602,512,41
201.4663107395172,110832.0,69325569.8,32,15797.8,48,1,602,512,41
141.3820617198944,151232.40000000002,87451212.8,32,15027.3,48,2,602,512,41
113.38232779502869,186814.7,90536114.8,32,16102.0,48,4,602,512,41
96.15133547782898,213676.80000000002,77868542.2,32,16090.2,48,8,602,512,41
14.092298746109009,467357.0,1893671.1,32,15605.7,48,1,602,128,41
12.057010889053345,721719.6000000001,2511683.4,32,16151.9,48,2,602,128,41
14.195155143737793,1082179.0,3048263.6,32,15060.1,48,4,602,128,41
18.187411785125732,1567654.3,3453003.3,32,15602.6,48,8,602,128,41
19.20558476448059,602715.3,4446059.3,32,15622.9,48,1,602,128,41
20.393634557724,992712.2,6746619.5,32,15007.6,48,2,602,128,41
24.303828716278076,1585371.7999999998,9345555.2,32,15045.0,48,4,602,128,41
29.918272733688354,2469852.3,11783230.600000001,32,16046.1,48,8,602,128,41
13.19675064086914,458932.2,1344509.2,32,15615.9,48,1,602,128,41
13.433816194534302,697346.5,1757733.2000000002,32,15061.2,48,2,602,128,41
11.99121356010437,1018758.2,2117636.9,32,15031.1,48,4,602,128,41
15.684605360031128,1419779.4,2390166.1,32,16088.1,48,8,602,128,41
13.200615167617798,467475.50000000006,1894323.0999999999,32,16107.4,48,1,602,128,41
18.98746156692505,720933.8,2507162.9,32,15597.5,48,2,602,256,41
24.252238750457764,1082242.8,3052487.1,32,15026.4,48,4,602,256,41
25.52372455596924,1566499.2000000002,3450160.6,32,16067.6,48,8,602,256,41
30.24904203414917,602344.6,4442069.2,32,15397.6,48,1,602,256,41
26.943313598632812,992268.5,6742727.0,32,16136.9,48,2,602,256,41
36.717005491256714,1585439.6,9349172.5,32,15027.3,48,4,602,256,41
45.4258508682251,2160226.1999999997,10300495.9,32,16064.2,48,8,602,256,41
22.15869903564453,458438.69999999995,1342925.2,32,15614.9,48,1,602,256,41
16.528015851974487,697099.2,1756854.4,32,16176.8,48,2,602,256,41
21.509523391723633,1020144.5,1590352.4000000001,32,15630.2,48,4,602,256,41
23.007044315338135,1420291.5,2391172.6,32,16044.0,48,8,602,256,41
34.00613236427307,467330.7,1893323.0,32,15548.1,48,1,602,512,41
29.40937042236328,721608.2,2510014.8000000003,32,15447.0,48,2,602,512,41
35.6978862285614,1082087.2999999998,3049700.7999999993,32,15639.2,48,4,602,512,41
44.87554907798767,1567087.0000000002,3451418.7,32,16083.7,48,8,602,512,41
49.239583015441895,602995.2000000001,4447394.6,32,16081.7,48,1,602,512,41
45.76317763328552,993184.4,6751412.3,32,15587.4,48,2,602,512,41
65.42236852645874,1585078.0,9349577.9,32,15402.3,48,4,602,512,41
75.30715346336365,2469269.1000000006,11776337.0,32,15791.3,48,8,602,512,41
34.76235795021057,458182.6,1341825.1,32,16326.6,48,1,602,512,41
29.39212989807129,696740.3,1755455.9,32,16075.0,48,2,602,512,41
37.08684277534485,1018402.0,2117658.8,32,15481.9,48,4,602,512,41
39.13205695152283,1421055.8,2392910.9,32,16058.9,48,8,602,512,41
50.85474348068237,97422.1,3919568.1,32,15586.7,48,1,300,128,100
27.457513570785522,111371.1,4451983.7,32,15877.2,48,2,300,128,100
21.924413442611694,121571.4,4422006.2,32,15474.8,48,4,300,128,100
18.080432415008545,112372.3,3832343.5999999996,32,15021.7,48,8,300,128,100
54.678800106048584,97225.7,3939638.9,32,15019.9,48,1,300,128,100
21.387371063232422,111497.4,4481419.8,32,15581.3,48,2,300,128,100
18.895217657089233,121992.29999999999,4387553.5,32,15851.0,48,4,300,128,100
17.76639986038208,128468.0,3940831.8000000003,32,15053.6,48,8,300,128,100
54.23734092712402,97378.6,3943828.8,32,15022.4,48,1,300,128,100
20.798805952072144,111282.3,4419844.1,32,15618.8,48,2,300,128,100
17.666810274124146,121982.5,4479426.3,32,15033.8,48,4,300,128,100
17.354451179504395,128691.6,3902402.2,32,15584.2,48,8,300,128,100
54.53091907501221,97517.5,3946617.3,32,15590.5,48,1,300,128,100
56.11557698249817,111486.20000000001,4455884.8,32,15591.5,48,2,300,256,100
29.01203465461731,121745.29999999999,4442074.7,32,15603.6,48,4,300,256,100
28.722983837127686,129530.2,3901112.4,32,15606.7,48,8,300,256,100
97.39898085594177,97318.6,3933223.8,32,15584.2,48,1,300,256,100
48.79061508178711,111410.4,4427683.4,32,16068.6,48,2,300,256,100
30.150981664657593,121607.0,4419897.4,32,15564.2,48,4,300,256,100
29.15320634841919,128964.20000000001,3872517.8000000003,32,15567.4,48,8,300,256,100
93.0532739162445,97557.0,3954700.2,32,15034.9,48,1,300,256,100
40.330872535705566,111482.20000000001,4476561.4,32,15595.6,48,2,300,256,100
28.739334106445312,121383.9,4403678.699999999,32,15061.2,48,4,300,256,100
29.463021755218506,128929.7,3845097.6999999997,32,15610.8,48,8,300,256,100
177.82246351242065,97265.4,3932363.8,32,15578.2,48,1,300,512,100
85.33421063423157,110816.5,4428651.699999999,32,15035.6,48,2,300,512,100
72.30120348930359,121012.4,4415207.0,32,15601.6,48,4,300,512,100
60.84400010108948,112988.29999999999,3425915.6999999997,32,16058.9,48,8,300,512,100
138.18058323860168,97264.7,3943901.7,32,15823.8,48,1,300,512,100
88.18476939201355,110999.5,4436452.1,32,15036.5,48,2,300,512,100
79.9132251739502,121693.7,4443757.5,32,15020.8,48,4,300,512,100
64.9947898387909,129366.90000000001,3899369.1,32,15610.8,48,8,300,512,100
152.58039379119873,97644.7,3939856.1,32,15569.3,48,1,300,512,100
101.33985805511475,111517.6,4464489.6,32,15035.6,48,2,300,512,100
78.61340761184692,121222.30000000002,4398710.7,32,15202.3,48,4,300,512,100
63.6164767742157,129120.99999999999,3885390.6,32,15820.6,48,8,300,512,100
39.70953822135925,580758.6,1382417.2000000002,32,15561.4,48,1,300,128,100
24.907427310943604,781997.3,1577011.4000000001,32,16034.3,48,2,300,128,100
27.607169151306152,1013166.7,1734923.0,32,15781.2,48,4,300,128,100
31.725443601608276,1241351.7,1835600.8,32,15573.2,48,8,300,128,100
60.701704025268555,836154.2,3167793.1,32,15587.6,48,1,300,128,100
44.5578498840332,1221902.0,4009409.0,32,15031.1,48,2,300,128,100
47.728766441345215,1733123.4,4753424.1,32,15597.5,48,4,300,128,100
61.10438394546509,2352336.0,5300132.300000001,32,15480.9,48,8,300,128,100
37.493284702301025,537295.7,1029343.1,32,15628.0,48,1,300,128,100
21.875364542007446,706638.1000000001,1170615.7000000002,32,16281.2,48,2,300,128,100
23.615941047668457,884233.7999999999,1276655.7000000002,32,15049.8,48,4,300,128,100
27.021668672561646,1053668.5,1349875.0,32,15640.2,48,8,300,128,100
41.843727827072144,577352.7999999999,1371089.2,32,15577.2,48,1,300,128,100
46.64085149765015,782340.0,1577669.8,32,15206.2,48,2,300,256,100
39.64497089385986,1013262.1,1735488.4000000001,32,15066.9,48,4,300,256,100
44.73426079750061,1243925.3,1838214.3,32,15610.6,48,8,300,256,100
97.39301300048828,835749.7,3166115.2,32,15574.4,48,1,300,256,100
69.26098489761353,1221260.4,4009431.6,32,16066.3,48,2,300,256,100
83.78925800323486,1730354.5,4731219.1,32,15578.2,48,4,300,256,100
82.19821810722351,2353298.6,5312116.9,32,15432.1,48,8,300,256,100
64.20998692512512,539082.1,1033307.1,32,15551.0,48,1,300,256,100
43.01955819129944,705942.7,1169345.4000000001,32,15562.3,48,2,300,256,100
37.54122734069824,884742.4000000001,1277005.5,32,15579.4,48,4,300,256,100
37.64159297943115,1056871.8,1353821.0999999999,32,15752.3,48,8,300,256,100
81.2689299583435,579514.0,1377629.6,32,15563.3,48,1,300,512,100
49.99548387527466,783783.7,1581380.7000000002,32,15572.4,48,2,300,512,100
47.28887057304382,1009869.3,1728583.0000000002,32,15580.4,48,4,300,512,100
36.77342081069946,1091537.0,1389528.5,32,15387.7,48,8,300,512,100
120.18472576141357,838298.7,3178171.9,32,15581.3,48,1,300,512,100
73.8794674873352,1222523.8,4009565.9000000004,32,16036.3,48,2,300,512,100
76.4641489982605,1730400.0999999999,4739626.9,32,15556.3,48,4,300,512,100
77.92435646057129,2343845.2,5271647.600000001,32,16037.6,48,8,300,512,100
77.70156812667847,538635.6,1031982.2,32,15547.2,48,1,300,512,100
50.41947889328003,706024.2000000001,1169286.6,32,15552.2,48,2,300,512,100
45.60421872138977,882411.1000000001,1272527.0,32,15026.2,48,4,300,512,100
36.04497575759888,1052964.3,1348437.2,32,15560.2,48,8,300,512,100
37.21828627586365,199744.4,8296030.6,32,15011.2,48,1,100,128,47
15.982963562011719,219477.2,6778499.2,32,15172.7,48,2,100,128,47
9.71105670928955,232441.7,5268482.0,32,15028.2,48,4,100,128,47
8.14067268371582,239749.0,4081599.6,32,16048.1,48,8,100,128,47
36.568267822265625,199394.7,8251355.0,32,15571.2,48,1,100,128,47
16.126187801361084,219597.1,6803192.800000001,32,15453.9,48,2,100,128,47
9.738014936447144,232367.90000000002,5258675.6,32,16349.7,48,4,100,128,47
8.885093450546265,179859.19999999998,3067040.6000000006,32,16038.4,48,8,100,128,47
36.75123381614685,199555.1,8290847.2,32,15600.4,48,1,100,128,47
17.34253692626953,219428.6,6790853.0,32,15015.9,48,2,100,128,47
10.112293481826782,232035.90000000002,5282912.600000001,32,15016.8,48,4,100,128,47
8.74179458618164,239792.8,4094814.5999999996,32,16045.0,48,8,100,128,47
38.801055669784546,199789.0,8275695.6,32,15590.5,48,1,100,128,47
26.997294425964355,219763.9,6773011.8,32,15771.8,48,2,100,256,47
21.40329074859619,232530.2,5257570.0,32,15483.8,48,4,100,256,47
14.71595287322998,239668.5,4093215.5999999996,32,16068.6,48,8,100,256,47
54.826706647872925,199440.9,8294884.8,32,15554.1,48,1,100,256,47
31.532862901687622,219367.8,6797123.4,32,15569.3,48,2,100,256,47
21.780272245407104,232179.40000000002,5294604.4,32,15565.2,48,4,100,256,47
14.446992874145508,179955.8,3581812.8,32,16048.1,48,8,100,256,47
59.02553081512451,199679.6,8281158.0,32,15001.8,48,1,100,256,47
26.60376214981079,219660.59999999998,6782179.6,32,15591.5,48,2,100,256,47
23.32006859779358,232378.3,5259684.0,32,15584.5,48,4,100,256,47
14.598556756973267,239792.8,4102651.8,32,16021.3,48,8,100,256,47
100.95956802368164,199575.5,8256363.2,32,16059.9,48,1,100,512,47
54.50653266906738,219795.1,6772282.6,32,15159.2,48,2,100,512,47
46.44472050666809,232515.2,5274530.0,32,16060.9,48,4,100,512,47
39.65852952003479,239776.09999999998,4091654.8,32,16093.5,48,8,100,512,47
98.10904502868652,199479.4,8286040.8,32,15559.2,48,1,100,512,47
55.04633855819702,219417.5,6776655.0,32,15597.5,48,2,100,512,47
45.196722745895386,232324.40000000002,5275059.8,32,15542.1,48,4,100,512,47
38.94242739677429,239790.69999999998,4090201.4,32,15020.8,48,8,100,512,47
102.42006802558899,199440.6,8291076.4,32,15569.3,48,1,100,512,47
50.8315794467926,219488.0,6781063.4,32,15624.9,48,2,100,512,47
45.994752645492554,232252.6,5265915.2,32,15576.3,48,4,100,512,47
39.8720338344574,239776.8,4101303.4,32,16045.0,48,8,100,512,47
16.11073899269104,1449292.9999999998,3181301.8,32,15555.1,48,1,100,128,47
10.530207872390747,1916452.0,3480518.6,32,16107.4,48,2,100,128,47
10.050875902175903,2370590.1999999997,2755412.6999999997,32,15605.7,48,4,100,128,47
7.8871989250183105,2750380.6,3785200.8,32,16067.3,48,8,100,128,47
30.355287551879883,2414266.1,10173624.000000002,32,16036.6,48,1,100,128,47
29.210173845291138,3533805.0,12014698.2,32,15009.4,48,2,100,128,47
28.43373680114746,4904878.2,13325954.8,32,15586.4,48,4,100,128,47
19.815460681915283,6386414.3,14203174.8,32,16061.9,48,8,100,128,47
15.242475032806396,1295352.7000000002,2224960.7,32,15577.5,48,1,100,128,47
10.85839056968689,1655442.0,1215085.4,32,16125.7,48,2,100,128,47
8.626919031143188,1978171.9,2557642.1999999997,32,15586.4,48,4,100,128,47
6.775496959686279,2233852.8,2634680.7,32,16039.4,48,8,100,128,47
16.35477900505066,1446825.7,3176293.2,32,15559.2,48,1,100,128,47
16.957066535949707,1913446.7000000002,3477528.0,32,15562.1,48,2,100,256,47
12.480499505996704,2365247.5,3666807.0,32,15020.8,48,4,100,256,47
10.01766848564148,2059945.7999999998,3312108.8,32,16070.9,48,8,100,256,47
47.01383996009827,2413082.0,10172122.3,32,15566.2,48,1,100,256,47
29.32095170021057,3537256.5,12018614.599999998,32,15585.4,48,2,100,256,47
29.175204753875732,4914337.000000001,13345309.700000001,32,15605.7,48,4,100,256,47
26.5135817527771,6387667.0,14211201.599999998,32,16051.4,48,8,100,256,47
21.97282886505127,1294511.8,2225570.0,32,15003.8,48,1,100,256,47
13.372314691543579,1653685.8000000003,2431711.3,32,15006.5,48,2,100,256,47
11.837290048599243,1979630.3,2557941.0999999996,32,16152.9,48,4,100,256,47
9.412202835083008,1954340.7,2634520.6,32,16326.6,48,8,100,256,47
38.646021127700806,1448018.1,3177079.0000000005,32,15424.0,48,1,100,512,47
24.326103925704956,1917492.9,3482080.7,32,16169.3,48,2,100,512,47
20.330482482910156,2369948.2,3671434.6,32,15635.1,48,4,100,512,47
18.916040658950806,2745556.8000000003,3783315.9,32,16064.2,48,8,100,512,47
78.33540844917297,2420712.6,10211815.8,32,15767.8,48,1,100,512,47
51.30502796173096,3534678.8,12011650.4,32,16090.2,48,2,100,512,47
43.356733322143555,4908675.499999999,13337409.600000001,32,15446.0,48,4,100,512,47
41.9019889831543,5578400.300000001,12411392.1,32,16060.1,48,8,100,512,47
36.70740795135498,1299214.4,2229336.4000000004,32,16092.5,48,1,100,512,47
24.414615631103516,1652030.9,2428272.9000000004,32,15613.7,48,2,100,512,47
18.675620555877686,1980787.0999999999,2561012.5,32,15575.3,48,4,100,512,47
18.3390109539032,1955611.9,2306061.8000000003,32,16063.2,48,8,100,512,47
1.3510816097259521,59170.1,558517.4,32,15826.1,48,1,500,128,7
1.4138948917388916,86654.29999999999,757867.0,32,15556.1,48,2,500,128,7
1.5281434059143066,113982.90000000001,892031.3999999999,32,15581.3,48,4,500,128,7
1.8124594688415527,138421.2,946542.4,32,15545.0,48,8,500,128,7
1.3139443397521973,59234.9,559114.2,32,15563.0,48,1,500,128,7
1.4210448265075684,86627.5,757186.8,32,15553.2,48,2,500,128,7
1.5249018669128418,114173.5,894394.6000000001,32,14990.6,48,4,500,128,7
1.7627339363098145,138604.2,948617.6000000001,32,15012.3,48,8,500,128,7
1.399383544921875,59163.5,558309.2,32,15579.2,48,1,500,128,7
1.4156663417816162,86415.6,755335.4,32,15589.3,48,2,500,128,7
1.6032626628875732,114031.20000000001,892691.0,32,15569.1,48,4,500,128,7
1.9160242080688477,138438.9,946406.0,32,15576.5,48,8,500,128,7
1.3928065299987793,59081.1,557397.8,32,15563.3,48,1,500,128,7
3.523888349533081,86561.1,756964.2,32,15543.1,48,2,500,256,7
2.530299425125122,114048.90000000001,892963.2,32,15584.5,48,4,500,256,7
3.0119566917419434,121186.70000000001,827986.6000000001,32,15544.1,48,8,500,256,7
4.277316331863403,59259.0,559620.2,32,15530.1,48,1,500,256,7
3.781273603439331,86640.20000000001,758013.6,32,15551.0,48,2,500,256,7
2.3686840534210205,114121.9,893761.6,32,15014.1,48,4,500,256,7
2.9169657230377197,138494.1,947379.2,32,15565.2,48,8,500,256,7
4.306117534637451,59214.5,558871.4,32,15544.1,48,1,500,256,7
3.4913296699523926,86708.1,758376.6000000001,32,15750.3,48,2,500,256,7
2.6087169647216797,114118.99999999999,893495.6000000001,32,15576.3,48,4,500,256,7
2.9071342945098877,121187.2,828848.2000000001,32,15026.4,48,8,500,256,7
7.057369709014893,59210.2,558739.0,32,15002.0,48,1,500,512,7
6.7289111614227295,86735.4,758277.6,32,15567.4,48,2,500,512,7
6.0349647998809814,114313.7,895630.0000000001,32,15534.0,48,4,500,512,7
5.93886399269104,138376.9,945814.0,32,15540.9,48,8,500,512,7
6.927887916564941,59195.0,558858.6,32,15562.1,48,1,500,512,7
6.540019750595093,86576.4,756683.2,32,15578.5,48,2,500,512,7
6.404413938522339,114130.8,893834.8,32,15639.2,48,4,500,512,7
6.035773754119873,138707.0,948584.6000000001,32,15562.3,48,8,500,512,7
7.350772857666016,59107.6,557794.0,32,15587.6,48,1,500,512,7
6.6676928997039795,86557.9,756673.0,32,15554.1,48,2,500,512,7
6.722327947616577,114183.8,894698.2,32,15555.1,48,4,500,512,7
6.053075075149536,138497.4,828590.7999999999,32,16044.0,48,8,500,512,7
1.75701904296875,239679.5,638051.0,32,15783.1,48,1,500,128,7
1.9676380157470703,377525.8,908923.9,32,15010.3,48,2,500,128,7
2.3322196006774902,573102.0,1189527.5,32,15005.6,48,4,500,128,7
2.700070858001709,828535.2,1448322.2,32,15565.2,48,8,500,128,7
2.526141405105591,272518.0,841389.2,32,15761.4,48,1,500,128,7
2.4336936473846436,446600.1,1294515.1,32,15545.0,48,2,500,128,7
2.5760653018951416,707211.8999999999,1840973.0,32,15563.0,48,4,500,128,7
3.4488461017608643,1086664.9,2408725.9999999995,32,15545.3,48,8,500,128,7
1.7763645648956299,238281.4,581558.6,32,15558.2,48,1,500,128,7
1.8946120738983154,186051.0,405594.60000000003,32,15577.2,48,2,500,128,7
2.222356081008911,555312.9,1044775.6,32,15579.4,48,4,500,128,7
2.702746629714966,780047.2,1251342.7000000002,32,15022.6,48,8,500,128,7
1.8529736995697021,239657.69999999998,638080.2000000001,32,15561.4,48,1,500,128,7
3.3808176517486572,376789.4,906748.2,32,15567.4,48,2,500,256,7
3.522278070449829,572976.2000000001,1189403.5,32,15086.7,48,4,500,256,7
4.121966361999512,829114.1,1450050.4,32,15555.3,48,8,500,256,7
3.7253427505493164,272503.8,841238.8999999999,32,15571.5,48,1,500,256,7
3.980788230895996,446224.6,1293212.9,32,15559.2,48,2,500,256,7
5.221278429031372,707225.0000000001,1841949.9,32,15570.3,48,4,500,256,7
5.084653615951538,1086892.0,2408851.0999999996,32,15545.0,48,8,500,256,7
3.3464372158050537,238221.6,581459.6,32,15568.3,48,1,500,256,7
3.3618011474609375,372019.30000000005,811201.8,32,15548.1,48,2,500,256,7
3.51452898979187,554993.6,1043681.1,32,15585.4,48,4,500,256,7
3.926455020904541,780873.5,1253098.0999999999,32,15390.5,48,8,500,256,7
4.935744524002075,239433.5,637385.6,32,15582.6,48,1,500,512,7
4.164022207260132,377207.3,908263.0,32,15578.5,48,2,500,512,7
4.471935987472534,429360.4,891147.5,32,14988.8,48,4,500,512,7
4.468332767486572,829227.2999999999,1450526.2000000002,32,15563.3,48,8,500,512,7
5.923786163330078,272813.0,842354.6,32,15585.4,48,1,500,512,7
5.772331237792969,446432.4,1293803.8,32,15564.2,48,2,500,512,7
5.926558494567871,707137.8,1840991.5,32,15553.2,48,4,500,512,7
6.197277545928955,1087431.3,2410356.9,32,15015.2,48,8,500,512,7
5.726414203643799,238440.90000000002,582100.6,32,15007.6,48,1,500,512,7
4.631748676300049,371786.8,810691.8999999999,32,15552.2,48,2,500,512,7
4.442079305648804,554827.3,1043467.1000000001,32,15165.8,48,4,500,512,7
4.219343423843384,683348.1000000001,1096354.3,32,15037.6,48,8,500,512,7
